target_prot	endogenous_only_interfacial_residues
P52292	10,11,12,13,14,15,16,17,18,19,20,22,23,24,25,27,28,29,31,32,33,34,35,36,37,38,39,40,41,42,43,44,45,46,47,48,50,51,52,53,54,98,132,139,151,176,234,241,306,307,349,351,384,387,388,390,391,394,409,410,423,427,428,429,430,431,432,433,434,437,441,445,457,458,459,460,461,462,463,465,466,467,468,470,471,472,474,475,476,477,478,479,480,481,484,485,489,490,492,493,494,495,496,497,499,502
O00505	75,79,83,84,85,86,87,89,90,93,94,104,127,128,129,130,131,134,140,170,171,214,215,232,253,254,255,277,297,298,332,333,336,340,342,362,365,366,368,371,372,375,381,382,385,399,400,402,403,405,406,409,410,418,419,420,421,422,423,424,425,428,432,436,441,447,448,450,451,454,455,459,460,463,464,465,466,467,468,469,473,474,478,479,481,482,483,484,485,486,488
O60684	102,137,144,156,181,235,242,307,308,350,352,391,392,395,428,429,430,431,432,433,434,435,438,442,446,458,459,462,463,464,467,468,471,472,476,477,480,481,482,483,484,485,486,490,491,495,498,499,501,502,503,505
O15131	238,245,310,311,353,355,432,433,438,441,445,449,461,462,465,466,467,470,471,486,493,494,498,502,504,508
P52294	104,139,146,158,183,237,244,309,310,352,354,393,394,397,430,431,432,433,434,435,436,437,440,444,448,460,461,464,465,466,469,470,473,474,478,479,482,483,484,485,486,487,488,492,493,497,500,501,503,504,505,507
Q9BYF1	619,621,622,623,624,625,626,634,676,677,678,679,680,723,728,729,730,731,732,733,734,736,737,740,741,742,743,745,746,749,750,752,753,754,756,757,759,760,761,763,764,765,767,768
P78406	39,40,41,62,64,88,90,106,129,131,149,172,174,214,216,236,237,264,265,266,268,269,270,272,273,274,275,277,293,336,337,338,339,340,341,342,343,344,345,346,347,348,350
P52948	160,161,162,163,164,180,181,182,183,184,185,186,187,188,189,190,191,196,197,198,199,200,201,202,203,204,205,207,208,209,211,212,213,755,756,757,759,761,780,781,782,796,797,798,799,800,801,802,803,804,805,808,810,811,813,823,826,828,829,830,831,832,834,837,842,845,846,847,848,851,852,855,858,859,860,861,873,875,877,878,879,880,1014,1015,1025,1026,1048,1049,1052,1107,1117,1119,1126,1129,1130,1132,1134,1135,1136,1137,1139,1140,1141,1142,1143,1144,1145,1146,1147,1148,1149,1150,1151,1152,1153,1154,1155,1156,1157,1158,1159,1161,1168,1171,1172,1173,1174,1175,1176,1177,1178,1179,1180,1182,1183,1184,1185,1186,1187,1188,1190,1192,1193,1194,1195,1196,1197,1198,1199,1200,1201,1202,1203,1204,1286,1287,1290,1291,1294,1296,1330,1344,1347,1348,1351,1352,1353,1354,1355,1356,1357,1358,1359,1360,1361,1362,1363,1364,1365,1366,1367,1368,1369,1370,1371,1372,1374,1375,1377,1378,1379,1381,1382,1383,1384,1385,1386,1387,1388,1389,1390,1391,1392,1394,1395,1399,1458,1473,1477,1488,1505,1507,1508,1510,1511,1512,1514,1515,1518,1519,1520,1522,1540,1542,1543,1544,1546,1547,1548,1550,1551,1554,1555,1557,1569,1572,1574,1575,1576,1577,1578,1580,1581,1584,1585,1587,1588,1591,1592,1593,1619,1622,1623,1625,1626,1627,1630,1643,1644,1645,1680,1681,1682,1683,1684,1713,1714,1715,1716,1717,1718,1719,1724,1728,1731,1732,1789,1794,1795,1798,1799,1801,1802,1805,1809,1813
O94826	203,204
P05161	9,10,11,13,36,37,38,42,58,59,61,62,73,74,75,78,88,94,101,102,103,105,126,136,150
P04637	93,94,95,96,97,98,99,107,112,121,123,124,125,132,138,139,140,141,142,147,149,150,151,152,153,154,155,156,158,162,163,164,165,166,167,168,169,170,171,172,174,175,180,182,183,184,185,189,190,191,192,193,196,197,198,199,200,203,204,205,206,207,208,209,210,211,212,213,214,217,219,220,221,222,223,224,228,229,230,231,232,233,235,237,249,250,252,254,258,259,260,261,262,263,264,265,266,270,271,278,279,283,291,298,299,301,321,322,323,324,325,326,327,328,329,330,331,332,333,334,335,336,337,338,340,341,342,344,345,346,348,349,351,352,353
P08631	98,103,104,106,107,108,109,110,111,112,115,116,118,119,120,121,123,125,143,144,161,162,163,164,165,167,168,173,176,177,185,186,187,188,189,190,191,194,196,198,199,201,202,203,209,210,211,213,224,225,226,227,228,229,231,232,233,234,236,237,238,239,240,242,248,249,250,251,252,253,254,255,256,257,258,259,260,261,262,263,264,265,266,267,268,269,270,271,272,273,274,275,276,277,278,280,281,282,283,284,285,286,287,289,291,292,293,294,295,296,297,298,299,300,301,302,303,304,305,307,308,309,310,311,312,313,314,315,316,317,319,320,321,322,323,325,326,327,328,329,330,332,334,335,336,337,338,340,342,343,344,346,347,348,349,350,351,352,353,354,355,356,357,359,360,361,363,364,367,370,371,373,374,375,376,377,378,380,381,383,385,386,390,391,392,393,394,396,401,402,403,404,405,406,407,408,409,410,411,412,413,414,415,416,417,418,419,420,421,422,423,428,429,430,431,432,433,434,435,436,437,448,449,451,452,453,454,455,456,457,458,459,460,461,462,463,464,465,467,468,469,471,472,473,474,475,476,477,478,479,480,481,482,483,484,485,486,487,488,489,491,492,495,496,497,498,499,500,501,502,503,505,506,508,509,510,511,512,513,514,515,516,517,518,519,520,521,522,523,524,525
P07948	65,67,83,88,89,91,92,93,94,95,96,97,100,101,103,104,105,106,109,110,150,158,161,162,172,173,174,175,176,181,183,184,186,194,195,196,198,209,210,211,212,213,214,216,217,218,219,223,233,234,235,236,237,238,239,240,241,242,243,244,245,246,247,248,249,250,251,252,253,254,255,256,257,258,259,260,261,262,263,265,266,267,268,269,270,271,272,274,275,276,277,278,279,280,281,282,283,284,285,286,287,288,289,290,292,293,295,296,297,298,299,300,301,302,304,305,306,307,308,310,311,312,313,314,315,316,317,318,320,321,322,323,324,326,328,329,330,332,333,334,335,336,337,338,339,340,341,342,343,345,346,347,349,350,353,356,357,359,360,361,362,363,364,366,367,369,371,372,376,377,378,379,380,382,385,387,388,389,390,391,392,393,394,395,396,397,398,399,400,401,402,403,404,405,406,407,408,409,414,415,416,417,418,419,420,421,422,423,434,435,437,438,439,440,441,442,443,444,445,446,447,448,449,450,451,453,454,455,457,458,459,460,461,462,463,464,465,466,467,468,469,470,471,472,473,474,475,477,478,480,481,482,483,484,485,486,487,488,489,491,492,494,495,496,497,498,499,500,501,502,503,504,505,506,507,508,509,510,511
O60563	5,6,11,12,14,17,18,20,21,22,23,25,26,27,28,29,30,31,71,72,73,74,76,77,78,82,89,90,93,98,99,100,101,102,103,106,117,118,119,120,121,122,123,124,126,127,128,130,131,132,134,135,136,137,138,139,141,142,143,144,145,146,147,148,149,150,151,163,164,165,166,167,169,170,173,177,202,203,204,206,208,209,210,211,212,213,214,215,216,217,219,220,221,224,228,235,238,239,242,243,246
P50750	5,6,7,8,9,10,11,12,13,14,16,17,18,20,21,22,23,24,25,26,27,28,29,30,31,32,33,34,35,37,39,40,41,42,43,44,49,51,52,53,54,55,56,57,58,59,60,61,62,63,64,65,67,69,71,72,73,74,75,76,77,81,82,83,84,85,86,87,88,89,90,91,92,93,94,95,96,97,98,99,101,105,107,108,111,112,113,114,115,116,117,118,119,120,122,128,131,135,138,139,142,143,145,146,147,148,149,159,167,186,187,188,191,192,193,195,199,200,202,203,204,205,206,207,210,224,225,226,227,230,231,232,233,234,235,236,238,239,240,245,246,247,249,250,251,252,254,255,257,258,259,260,261,262,263,264,265,266,267,268,269,270,271,272,273,274,276,284,289,290,293,294,297,298,299,301,302,303,304,305,307,308,310,311,313,315,316,317,318,319,320,321,322,323,344,346
Q15223	31,32,33,34,35,36,37,38,39,40,41,42,45,46,47,48,50,52,53,65,69,71,81,83,93,98,100,101,102,103,106,108,110,116,117,119,120,126,139,141,143,144,145,146,148,155,157,159,168,171,177,178,179,180,182,184,185,186,187,188,189,190,191,194,195,196,197,199,200,203,204,205,210,212,214,216,217,218,219,220,222,227,229,231,232,245
Q10567	2,3,4,16,20,25,26,28,30,31,35,38,39,41,42,44,46,51,52,53,55,56,57,58,59,61,62,63,64,67,68,70,71,74,75,76,77,78,79,81,82,83,85,86,87,88,89,90,92,93,96,98,99,100,101,102,103,104,105,107,108,109,111,112,113,114,115,116,117,120,121,124,133,134,135,136,139,140,143,144,146,147,150,151,172,173,174,175,178,179,182,183,185,186,187,189,190,192,211,212,213,214,215,216,217,218,219,220,221,224,227,228,229,230,231,248,249,251,252,253,254,256,257,258,261,264,265,266,267,268,283,286,287,289,290,291,293,298,299,300,301,304,305,307,308,310,311,312,313,314,320,322,323,325,326,327,328,329,331,332,333,334,335,336,337,338,340,343,344,345,346,347,348,349,352,353,355,356,357,359,360,361,363,364,365,366,367,368,369,370,371,372,375,376,378,379,380,382,383,384,386,389,390,400,401,402,403,404,405,407,408,409,410,424,440,441,442,443,445,467,468,471,472,474,475,476,477,478,479,500,501,504,505,507,508,512,515,524,527,531,566,567,568,569,570,571,573,574,576,578,579,580,581,582,583,584,620,625,626,629,630,632,633,635
P06400	829,830,831,832,833,834,835,836,837,838,839,841,842,843,845,846,848,849,851,852,853,854,855,857,858,859,860,861
P78310	60,84,119,132
Q9UHB7	5,6,7,8,9,10,11,12,13,14,15,16,17,18,20,21,33,34,35,36,37,38,39,40,41,42,43,44,45,46,48,49,51,52,53,54,57,59,60,314,315,316,317,319,320,322,324,325,326,327,328,329,330,331,332,333,334,335,336,337,338,339,340,342,343,344,345,347,348
Q15369	14,15,16,17,18,20,24,25,26,27,28,29,30,31,32,33,34,35,37,40,41,43,44,45,46,47,48,49,50,51,52,53,54,56,57,58,59,60,61,62,63,64,65,66,67,68,69,71,74,75,78,82,94,98,99,106,109
Q13617	1,2,3,4,5,6,11,12,13,15,16,18,19,20,23,24,26,27,28,29,30,31,32,33,34,35,36,37,38,39,40,41,44,48,52,53,55,56,59,62,66,67,70,73,75,77,82,83,84,85,89,91,92,93,95,96,97,99,100,102,103,104,106,107,108,109,110,112,113,114,115,116,117,118,119,120,121,122,123,124,125,126,127,128,129,130,131,132,134,135,136,137,138,140,141,145,148,149,150,153,154,156,157,158,161,164,165,169,170,172,173,174,175,177,178,179,182,184,185,186,187,188,189,190,191,192,193,194,195,196,197,198,199,201,202,204,205,206,209,210,213,214,217,220,221,222,226,233,234,237,238,240,241,242,243,244,245,247,248,249,250,251,252,254,255,256,257,259,260,261,263,264,267,273,274,290,292,293,299,303,304,317,325,326,327,328,329,330,331,332,333,334,336,337,338,339,340,341,342,343,344,345,347,348,352,356,357,359,360,362,363,365,366,368,369,370,372,373,376,377,382,383,384,386,387,388,389,390,391,393,394,396,397,398,400,401,402,403,405,406,407,408,409,410,412,413,416,417,418,420,421,422,423,424,425,426,427,428,429,432,433,434,436,437,438,441,444,445,446,447,448,449,450,451,452,453,455,456,458,459,460,462,463,464,465,466,467,468,469,470,471,472,474,475,477,478,479,481,482,485,486,487,488,489,492,493,495,496,497,498,499,501,502,503,504,505,506,507,508,509,510,511,512,513,514,515,516,517,518,519,520,521,522,523,524,525,526,527,528,529,530,531,532,533,534,535,536,537,538,539,540,541,542,543,544,545,546,547,548,549,550,551,552,553,554,555,556,557,559,560,561,562,563,564,565,566,567,568,569,570,571,572,573,574,575,576,577,578,579,580,581,582,583,584,585,586,588,589,590,591,592,593,595,597,598,601,602,604,608,617,619,621,622,623,624,625,628,629,630,631,633,634,635,640,641,642,645,646,647,648,649,650,651,652,654,655,656,658,659,660,668,670,671,672,673,674,675,677,678,679,681,682,683,685,686,687,689,690,691,692,693,694,695,696,697,698,700,701,702,705,706,707,708,709,710,714,715,716,719,720,721,722,723,724,725,726,727,728,729,730,732,733,734,735,736,737,738,739,740,741,742,743,744,745
Q15370	1,2,4,6,8,9,10,11,12,13,14,15,16,17,25,29,30,33,34,35,36,40,41,43,47,48,49,50,52,53,54,55,64,65,68,69,70,71,72,80,82,83,84,85,91,92,93,94,95,96,97,98,100,101,102,103,104,105,106
Q13951	2,3,4,5,6,11,14,16,39,40,42,43,46,57,59,92,93
Q93034	16,17,18,20,21,23,24,28,29,31,32,33,34,35,36,37,38,39,40,41,42,43,44,45,46,49,56,66,67,68,69,70,71,74,77,79,80,81,86,87,89,91,92,94,97,98,99,101,102,105,106,108,109,110,112,113,114,115,116,118,120,121,122,123,124,125,126,127,128,129,130,131,136,137,141,144,145,146,149,150,152,153,154,157,160,161,165,166,168,169,170,171,173,174,175,178,180,181,182,183,185,186,187,189,190,191,192,193,194,196,197,199,200,201,204,205,208,209,211,212,215,216,217,221,228,229,232,233,237,239,240,242,243,244,246,247,249,250,251,254,255,256,258,259,262,263,267,269,272,273,289,292,298,302,324,325,327,328,329,330,331,332,334,335,336,337,338,339,340,341,342,343,344,345,346,348,349,353,361,363,364,366,367,369,370,371,373,374,377,378,379,381,382,383,384,399,400,401,403,404,405,406,407,408,410,411,413,414,415,417,418,419,420,422,424,425,426,427,428,429,431,432,435,436,437,439,440,441,442,443,444,445,446,447,448,451,452,453,455,456,457,460,463,464,465,466,467,468,469,470,471,472,474,475,477,478,479,481,482,483,484,485,486,487,488,489,490,491,492,494,495,497,498,499,501,502,505,506,507,508,509,518,519,521,522,523,524,525,526,527,528,529,530,531,532,533,534,535,536,537,538,539,540,542,543,544,546,547,548,549,550,551,552,553,554,555,556,557,558,560,562,563,564,565,566,567,568,569,570,571,572,573,574,575,577,578,579,580,581,582,583,584,585,586,587,588,589,590,591,592,593,594,595,596,597,598,599,600,601,602,603,604,606,607,608,609,610,611,612,613,615,617,618,621,622,624,628,637,641,642,643,644,645,647,648,658,659,661,662,663,668,669,670,671,673,675,676,677,678,681,682,683,684,685,686,687,689,690,691,693,694,695,703,705,706,707,708,709,710,712,713,714,716,717,718,720,721,722,724,725,726,727,728,729,730,731,732,733,735,737,740,741,742,743,744,745,749,750,751,754,755,756,757,758,759,760,761,762,763,764,765,767,768,769,770,771,772,773,774,775,776,777,778,779,780
Q9Y4B6	165,341,342,344,345,348,349,384,385,386,423,425,428,429,432,536,540,548,549,550,552,558,562,563,567,568,571,572,575,777,799,829,830,833,837,840,842,844,1021,1022,1023,1024,1025,1026,1027,1028,1038,1039,1040,1041,1042,1043,1044,1047,1048,1049,1050,1051,1052,1053,1054,1055,1056,1057,1058,1059,1060,1061,1062,1063,1065,1066,1067,1068,1069,1070,1071,1072,1073,1075,1076,1077,1079,1081,1087,1089,1090,1105,1118,1121,1122,1123,1124,1127,1145,1159,1187,1222,1232,1233,1236,1259,1260,1267,1268,1269,1270,1271,1272,1281,1282,1283,1284,1303,1304,1305,1306,1339,1340,1341,1342,1361,1362,1363,1364,1365,1388,1389,1390,1391,1392,1394,1396,1397,1479,1480,1481,1482,1483,1484,1485,1486,1487,1488,1489,1497,1498,1499,1500,1501,1502,1503,1504,1505,1506,1507
Q16531	11,16,17,22,27,29,36,38,40,41,42,44,45,46,47,48,49,51,52,53,54,55,56,58,60,61,62,63,69,70,71,72,78,82,86,87,88,90,92,94,98,99,100,101,102,103,104,105,106,107,108,109,110,111,112,113,115,116,118,119,120,121,127,129,134,136,137,138,139,141,143,144,145,146,147,148,149,150,151,152,153,154,155,156,157,158,159,160,164,165,166,168,174,186,187,188,194,197,198,199,200,201,210,211,212,213,214,215,217,218,234,235,236,238,240,245,246,247,248,249,255,257,258,259,260,261,264,265,266,270,276,282,284,301,303,305,310,311,312,316,317,318,319,320,321,333,335,336,337,338,339,346,349,350,351,352,353,354,359,361,397,398,399,400,401,402,403,404,405,406,408,420,421,427,429,430,431,432,433,434,436,441,442,443,444,445,453,454,455,456,458,495,497,498,499,500,513,514,537,538,539,561,562,585,586,587,589,597,607,608,632,633,634,635,637,643,644,645,646,654,660,661,662,663,664,675,677,678,683,686,687,688,689,696,697,701,703,704,705,706,707,708,709,712,714,718,738,740,759,761,762,763,767,768,769,770,772,778,779,780,781,782,783,784,785,786,788,789,798,800,810,813,815,816,854,857,859,860,861,865,866,872,885,889,891,892,896,898,900,901,902,903,904,905,911,925,929,935,937,940,942,944,945,952,969,971,984,985,986,989,990,991,994,1006,1034,1045,1048,1049,1052,1053,1056,1057,1060,1061,1062,1063,1064,1065,1067,1068,1069,1071,1077,1078,1079,1082,1083,1084,1085,1086,1087,1096,1099,1100,1101,1103,1104,1106,1107,1111
P51825	11,12,13,14,15,16,17,18,19,20,21,22,23,24,26,27,39,40,41,42,43,44,45,46,47,48,49,50,51,53,54,56,57,58,59,62,63,64,65,68,69,354,355,356,357,359,360,362,364,365,366,367,368,369,370,371,372,373,374,375,376,377,378,379,380,382,383,384,385,387,388
P52630	4,6,8,9,10,12,15,16,17,18,19,20,21,22,23,24,28,29,30,33,34,37,38,41,42,43,45,46,48,51,52,55,59,66,69,71,72,73,75,76,78,80,81,82,83,84,85,86,88,89,102,103,106,109,110,113,114,117,118,120,121,124,154,157,160,161,164,167,174,177,178,181,189,190,196,267,270,271,273,274,275,277,278,281,284,285,286,288,337,339,351,352,354,355,356,358,360,361,362,363,364,365,366,367,369,379,380,381,382,383,384,385,387,389,390,399,400,401,402,403,404,405,406,407,408,437,438,440,441,477,487,488,489,490,491,492,509,510,513,514,515,518,522,525,526,527,528,529,530,531,533,534,540,548,549,567,569,570,573,574,575,576,578,581,583,584,585,588,591,592,593,605,606,614,624,625,626,627,628,629,630,631,634,635,637,638,639,640,643,644,648,650,656,657,658,665,668,669,672,673,675,676,677,678,679,681,682,683,684,685,686,687,688,689,691
P60033	8,10,11,14,15,17,18,19,21,22,25,26,29,51,150,151,152,153,168,169,175,176,191,195,202,205,206,209,212,213,216,219,220,223
Q9UER7	192,193,195,196,199,202,203,205,206,207,208,209,210,211,212,213,214,215,216,217,218,220,221,222,223,225,226,229,230,232,233,236,239,240,243,244,245,246,247,248,249,253,254,280,281,282,283,284,285,286,287,288,290,291,310,314,317,318,321,322,325,328,329,332,336,337,338,340,341,348,349,350,351,352,354,356,357,358,360,361,362,364,365,367,368,369,371,372,373,375,376,377,379,380,382,383,384,386,387
P62979	11,12,13,14,16,17,18,20,21,22,25,29,33,36,53,55,57,58
P52799	47,63,68,70,71,73,82,85,86,90
O00629	75,79,83,84,85,86,87,89,90,93,94,97,104,107,127,128,129,130,131,134,140,170,171,214,215,232,253,254,255,267,272,277,297,298,303,332,333,336,339,340,342,357,362,365,366,368,371,372,375,381,382,383,385,399,400,402,403,405,406,409,410,418,419,420,421,422,423,424,425,428,432,436,440,441,447,448,450,451,454,455,459,460,463,464,465,466,467,468,469,473,474,475,478,479,481,482,483,484,485,486,487,488
Q15768	63,71,72,73
P62136	5,6,7,8,9,10,11,13,14,15,17,18,19,20,26,27,29,30,31,32,33,36,37,40,41,43,44,45,47,48,49,50,51,52,53,54,55,56,57,58,59,60,64,66,67,69,71,73,75,77,79,80,81,82,83,84,85,86,87,92,95,102,110,112,113,114,115,116,117,119,124,125,127,128,129,130,131,141,144,145,146,147,149,150,151,153,154,157,158,164,166,167,168,169,177,178,179,180,181,182,183,184,185,187,188,189,190,191,192,193,194,195,196,197,198,199,200,201,203,206,208,210,211,212,213,214,215,216,217,218,219,220,221,222,223,224,225,226,229,230,231,233,234,236,237,238,239,240,241,242,243,248,249,250,251,252,253,256,257,260,262,264,267,270,272,275,276,277,278,279,280,281,282,283,284,285,286,287,288,289,298,300,301,303,304,305,306,308,309,310,317,318,319,320,321,322,323,324,325,326,327
P30154	19,20,21,22,23,24,25,26,27,28,29,30,31,32,33,34,35,36,37,38,39,40,41,42,43,45,46,48,49,50,51,52,53,54,55,56,57,58,60,61,62,63,65,66,68,69,70,71,73,76,78,79,86,87,89,90,91,93,94,95,96,97,115,116,118,122,126,127,129,130,131,132,133,134,137,149,150,157,164,165,168,169,170,171,172,173,174,175,176,179,180,181,183,193,206,207,209,211,212,214,215,216,218,219,222,223,226,233,235,250,251,253,254,255,258,259,261,262,268,272,273,281,292,312,316,320,327,328,329,331,332,335,336,337,340,343,344,355,359,368,369,371,372,375,376,378,379,382,386,390,391,394,395,397,398,399,401,404,405,409,410,411,414,415,428,430,431,433,434,437,438,440,441,444,445,446,447,448,449,473,475,476,479,480,483,484,485,486,502,503,504,505,510,511,522,535,539,542,543,544,545,546,549,550,551,554,558,561,562,565,570,571,575,583,584,589,590,592,593,596,599,601
Q16611	21,22,23,24,25,26,27,28,29,30,31,32,33,34,35,36,37,38,39,40,41,42,43,44,45,46,47,48,49,50,51,52,53,54,55,56,57,58,59,61,62,63,64,65,66,67,87,91,92,93,94,95,96,97,98,99,100,101,102,103,104,105,106,107,108,109,110,111,112,113,114,115,116,117,118,119,120,121,122,123,124,125,126,127,128,129,130,131,132,133,134,135,136,137,138,139,140,141,142,143,144,145,146,147,148,149,150,151,152,153,154,155,156,157,158,159,160,161,162,163,164,165,166,167,168,169,170,171,172,173,174,175,176,177,178,179,180,181,182,183,184,185,186
O43521	154,164,165,166
P55957	92,102,103,104
P30153	7,8,9,10,11,12,13,14,15,16,17,18,19,20,21,22,23,24,25,26,27,28,29,30,31,33,34,36,37,38,39,40,41,42,43,44,45,46,48,49,50,51,53,54,56,57,58,59,61,64,66,67,74,75,77,78,79,81,82,83,84,85,103,104,106,110,114,115,117,118,119,120,121,122,125,137,138,145,152,153,156,157,158,159,160,161,162,163,164,167,168,169,171,181,194,195,197,199,200,202,203,204,206,207,210,211,214,221,223,226,238,239,241,242,243,246,247,249,250,256,260,261,262,265,269,280,300,304,308,315,316,317,319,320,323,324,325,328,331,332,343,347,356,357,359,360,363,364,366,367,370,374,378,379,382,383,385,386,387,389,392,393,397,398,399,402,403,413,416,418,419,421,422,425,426,428,429,432,433,434,435,436,437,461,463,464,467,468,471,472,473,474,483,484,485,487,488,490,491,492,493,498,499,510,523,524,527,530,531,532,533,534,537,538,539,542,546,549,550,553,558,559,563,571,572,577,578,580,581,584,587,589
Q00534	20,22,23,24,25,27,29,30,33,40,41,42,43,45,57,61,65,77,95,97,98,100,101,102,103,104,106,108,110,111,113,114,127,128,131,132,136,145,147,149,150,152,153,154,155,158,159,161,162,163,164,165,166,167,181,182,184,186,211,215,216,217,220,221,224,226,230,242,261,271,272,274,275,279,282,301
Q9BYX4	126,127,128,129,130,132,133,136,137,139,140,142,146,149,150,153,157,158,159,160,161,162,165,187,188,189,190,191,192,195,196,306,307,308,309,310,312,313,314,317,320,321,328,331,332,333,334,335,336,337,344,345,348,349,350,351,352,353,354,355,356,364,365,366,367,368,369,370,371,372,373,374,375,376,377,378,379,382,383,384,385,386,387,388,389,390,391,392,393,394,396,397,398,399,401,402,403,405,406,407,408,415,443,444,446,447,450,451,452,453,455,459,466,467,468,470,489,490,491,492,495,496,497,498,499,500,501,502,503,504,505,506,507,508,510,511,512,515,516,517,518,520,523,525,526,527,529,530,531,532,533,534,535,536,537,538,539,540,541,543,545,547,552,556,559,560,563,564,566,567,568,569,570,571,572,573,577,579,580,581,582,583,584,585,586,587,588,592,594,595,598,599,606,618,620,627,631,634,635,636,637,638,657,658,659,661,662,673,674,678,681,682,684,685,688,689,691,692,694,695,697,706,713,716,717,718,720,736,739,740,741,742,743,745,746,750,763,766,768,769,770,772,773,774,776,779,780,783,794,795,812,813,814,815,816,817,820,826,827,829,830,831,832,833,834,836,837,838,839,840,841,842,843,844,845,846,848,849,850,851,852,853,856,857,860,864,865,867,868,871,872,874,875,876,878,879,881,882,883,885,886,887,889,890,893,900,901,902,904,906,908,909,910,911,912,913,916,918,919,921,933,934,936,937,939,940,941,942,943,944,945,946,947,948,950,953,954,955,956,957,958,959,961,962,963,964,965,966,967,970,971,973,974,975,976,977,978,983,985,992,993,994,995,997,999,1001,1002,1007,1008,1009,1011,1012,1014,1015,1016,1017
Q13283	1,2,5,7,8,9,13,16,20,24,28,31,37,39,40,41,50,51,52,53,54,56,59,62,63,66,69,70,71,72,73,74,75,76,77,78,79,80,81,82,83,84,85,86,87,89,91,92,93,95,96,97,101,107,108,109,110,111,113,115,116,127,128,129,130,131,132,133,134,135,137,138
Q9UN86	1,2,3,4,5,7,8,9,13,16,20,24,28,31,35,37,39,40,41,50,51,52,53,54,56,59,62,63,66,69,70,71,72,73,74,75,76,77,78,79,80,81,82,83,84,85,86,87,89,91,92,93,95,96,97,101,107,108,109,110,111,113,115,116,126,127,128,129,130,131,132,133,134,135,137,138
O95999	10,13,17,79,82,83,86,96,99,100,101,103,104,106,107,108,110,111,112,114,115
P27986	1,2,3,4,5,6,7,8,9,10,11,12,13,14,15,16,17,18,19,20,21,22,23,24,25,26,27,28,29,30,31,32,33,34,35,36,37,38,39,40,41,42,43,44,45,46,47,48,49,50,51,52,53,54,55,56,57,58,59,60,61,62,63,64,65,66,67,68,69,70,71,72,73,74,75,76,77,78,79,117,119,120,121,122,123,124,141,142,147,148,151,152,153,154,155,156,157,158,160,161,163,164,169,170,171,172,173,175,176,177,178,179,180,181,184,187,188,191,194,195,208,211,212,213,214,217,229,230,231,232,233,234,235,258,259,260,263,266,267,270,271,274,279,283,285,286,288,289,292,293,296,326,327,330,332,333,337,338,339,340,341,342,344,345,346,348,349,350,351,352,358,360,361,362,363,364,365,369,371,373,374,375,376,377,378,379,380,381,382,383,384,385,386,387,389,392,393,394,395,396,397,398,399,402,403,406,407,408,409,410,411,412,414,415,416,417,418,419,420,421,422,423,424,425,426,427,429,430,431,432,434,435,436,449,456,457,460,461,462,463,464,465,467,468,469,470,471,472,474,475,476,477,478,479,480,481,482,483,485,486,487,489,490,492,493,494,496,497,500,501,503,504,505,507,508,509,511,512,519,520,523,524,525,526,527,528,530,531,534,537,538,541,545,546,549,550,553,554,556,557,558,560,561,562,563,564,570,584,593,596,597,599,677,682,683,684,685,687,688,693,697,701,702,704,705,706,708
O00459	5,6,7,8,9,10,11,12,13,14,15,16,17,18,19,20,21,22,23,24,25,26,27,28,29,30,31,32,33,34,35,36,37,38,39,40,41,42,43,44,45,46,47,48,49,50,51,52,53,54,55,56,57,58,59,60,61,62,63,64,65,66,67,68,69,70,71,72,73,74,75,76,77,78,79,113,115,116,117,118,119,120,137,138,152,153,157,158,159,160,161,163,164,165,166,167,169,182,183,211,212,213,214,215,216,217,322,323,324,327,329,330,334,335,336,337,338,339,341,342,343,345,346,347,348,349,355,357,358,359,360,361,362,366,368,370,371,372,373,374,375,376,377,378,379,380,381,382,383,384,386,389,390,391,392,393,394,395,396,399,400,403,404,405,406,407,408,409,411,412,413,414,415,416,417,418,419,420,421,422,423,424,426,427,428,429,431,432,433,446,453,454,457,458,459,460,461,462,464,465,466,467,468,469,471,472,473,474,475,476,477,478,479,480,482,483,484,486,487,489,490,491,493,494,497,498,500,501,502,504,505,506,508,509,516,517,520,521,522,523,524,525,527,528,531,534,535,538,542,543,546,547,550,551,553,554,555,557,558,559,560,561,567,581,590,593,594,596,675,680,681,682,683,685,686,691,695,699,700,702,703,704,706
O95639	1,2,3,4,5,6,7,8,9,10,11,12,13,14,15,16,18,19,20,22,23,24,25,26,29,30,31,32,33,34,35,36,37,38,39,40,42,45,57,58,59,60,62,71,76,79,86,87,89,90,91,108,121,122,123,125,127,128,129,130,131,132,133,134,135,136,137,141,142,143,144,145,146,147,148,149,150,151,152,153,154,155,156,157,158,159,160,163,164,165,166,167,168,169,170
P61073	31,35,36,38,39,40,42,43,44,46,47,48,49,50,51,53,54,57,58,59,60,61,62,63,64,65,66,67,68,69,70,71,72,73,74,75,76,77,78,80,82,85,86,88,89,90,92,93,95,96,99,102,103,104,105,106,107,108,110,111,112,114,115,125,129,130,132,133,134,135,136,137,138,139,140,141,142,143,144,145,146,147,148,149,150,151,152,153,154,155,156,157,158,159,160,161,162,163,164,165,166,167,169,170,172,173,174,175,176,177,179,184,191,193,194,196,197,198,201,204,205,206,208,209,210,212,213,214,215,216,217,218,219,220,221,222,223,224,225,226,227,228,229,230,231,232,233,234,235,236,237,238,239,240,241,242,243,244,245,246,249,250,251,253,254,257,260,261,263,264,265,266,267,268,269,270,272,273,274,275,276,279,282,283,286,287,290,293,296,297,300,301,302,303,304,305,306,307,308,309,310,311,313,314,316
Q08211	872
O43143	303,332,360,361,364,368,503,504,515,520,521,522,527,536,545,549,550,552,579,680,686,689,690,704,705,707,708,727,728,729,730,731,732,777,778,779,780,781,782,783
P62937	3,4,5,7,8,9,10,11,12,13,14,15,16,17,18,19,20,21,22,23,24,25,32,35,36,37,38,39,47,48,50,51,52,53,58,62,64,65,66,77,80,83,84,85,86,87,88,89,90,91,92,93,94,95,96,97,98,99,100,106,112,114,115,116,117,118,119,120,123,124,127,128,129,130,131,132,133,134,135,136,137,138,139,140,141,143,144,145,146,147,150,152,153,154,155,157,158,159,160,161,162,163,164
P06241	102,104,107,108,110,111,112,113,121,123,124,126,127,129,130,170,180,181,182,192,193,194,195,196,201,203,204,206,207,208,209,210,211,212,214,215,216,217,218,219,220,221,222,229,230,231,232,233,234,236,237,238,239,243,261,262,263,264,265,266,267,268,269,270,271,272,273,274,275,276,277,278,279,280,281,282,283,284,285,286,287,289,290,291,292,293,294,295,296,298,299,300,301,302,303,304,305,306,307,308,309,310,311,312,313,314,316,317,319,320,321,322,323,324,325,326,328,329,330,331,332,334,335,336,337,338,339,340,341,343,344,345,346,347,349,351,352,353,355,356,357,358,359,360,361,362,363,364,365,366,368,369,370,372,373,376,379,380,382,383,384,385,386,387,389,390,392,394,395,399,400,401,402,403,405,408,410,411,412,413,414,415,416,417,418,419,420,421,422,423,424,425,426,427,428,429,430,431,432,437,438,439,440,441,442,443,444,445,446,457,458,460,461,462,463,464,465,466,467,468,469,470,471,472,473,474,476,477,478,480,481,482,483,484,485,486,487,488,489,490,491,492,493,494,495,496,497,498,500,501,504,505,506,507,508,509,510,511,512,514,515,517,518,519,520,521,522,523,524,525,526,527,528,529,530,531,532,533,534,535,536
Q12933	28,29,30,31,32,33,35,36,37,38,39,42,46,47,48,49,50,51,52,57,59,60,61,62,63,64,65,66,67,68,70,71,73,74,75,81,82,83,84,86,87,88,89,90,91,92,93,94,95,98,99,102,117,119,267,268,269,271,272,274,275,276,278,279,281,282,283,284,285,286,287,288,289,290,291,292,293,294,295,296,297,299,300,301,303,304,306,307,308,309,310,311,313,314,315,316,317,318,320,321,322,323,324,325,326,327,328,329,330,331,332,333,334,335,336,337,338,339,340,341,342,343,344,345,346,347,348,349,350,351,353,354,355,356,357,359,360,363,364,366,367,368,370,371,372,373,375,376,378,379,380,382,384,385,386,389,398,402,403,404,405,406,415,416,417,418,420,421,422,423,424,427,429,431,433,435,436,437,438,439,440,441,442,443,444,445,446,451,452,458,460,461,462,469,472,473,474,475,476,477,479,480,481,486,487,488,489,491,493,495,497,499
P40189	139,140,163,165,168,185,195,213,233,234,236,239,241,253,254,275,276,279,280,281,282,283,284,285,287,288,303,304
P04439	26,27,28,30,32,34,36,38,45,47,48,49,51,54,59,60,61,62,63,64,65,66,67,68,70,71,85,86,88,92,106,107,109,118,120,122,126,128,132,133,134,135,137,139,141,142,143,144,145,146,149,151,152,153,154,155,156,157,158,159,160,161,162,163,165,168,177,178,181,182,185,186,190,193,196,209,211,212,213,214,215,216,217,218,222,224,226,228,236,238,240,241,242,243,244,245,246,247,248,249,250,251,252,253,254,255,256,257,258,259,260,261,266,268,270,271,272,274,275,276,277,278,279,280,282,284,285,286,287,293,295,296,297,298,299
P01911	30,31,32,33,34,35,36,37,38,39,40,41,42,43,44,45,46,47,48,49,50,51,52,53,54,55,56,57,58,59,60,61,62,63,64,65,66,67,68,70,76,78,79,80,81,82,83,84,85,86,87,90,96,99,100,102,103,104,105,106,107,108,109,110,111,112,113,114,115,116,117,118,119,120,121,122,123,124,125,126,127,128,129,130,131,132,133,134,135,136,137,138,139,140,141,142,143,145,147,149,150,152,153,154,155,156,157,158,159,160,161,162,163,164,165,166,167,168,169,170,171,172,173,174,175,176,177,178,179,180,181,182,183,184,185,186,187,188,189,190,191,192,193,194,195,196,197,198,199,200,201,203,205,206,207,208,209,210,211,212,213,214,215,216,217,218,219,220,221
Q13651	184
P98155	44,49,50,52,53,54,55,56,57,59,88,89,92,94,95,96,97,98,99,100
Q93009	197,198,199,200,210,212,213,214,215,216,217,218,219,220,221,222,223,224,226,229,230,233,239,240,243,244,246,247,248,249,253,254,255,258,259,261,262,263,266,267,270,271,272,273,275,276,277,278,279,280,281,282,283,284,285,286,287,288,289,290,291,292,293,294,295,297,298,301,302,304,305,308,309,311,312,313,315,316,317,318,321,322,325,327,328,329,330,331,332,333,335,336,337,338,339,340,341,342,343,344,345,346,347,348,349,350,351,353,354,355,356,357,358,359,361,362,363,364,365,366,367,368,369,370,371,372,373,374,375,376,377,378,379,380,381,382,383,384,385,386,387,388,389,390,391,392,393,394,395,396,397,398,402,405,407,408,409,410,411,412,413,414,415,416,417,418,419,420,421,422,423,424,426,427,428,429,430,431,432,433,435,436,437,438,440,441,445,447,449,456,457,458,459,460,461,462,463,464,465,466,468,470,471,472,473,474,475,476,478,479,480,481,482,483,484,485,486,487,488,489,490,491,492,493,494,495,496,497,500,501,505,506,507,508,509,510,511,512,514,530,531,532,533,534,654,741,784,788,791,792,816,841,842,843,845,849,850,851,852,853,854,856,857,858,859,862,863,864,866,867,892,914,960,961,962,963,964,965,966,968,1070,1071
Q13114	48,50,51,65,66,67,68,69,70,71,78,81,82,83,84,85,86,87,91,92,94,96,97,98,99,100,101,102,103,104,105,106,108,109,112,114,124,125,126,127,128,129,132,135,136,140,141,142,381,382,384,385,386,387,388,389,390,391,392,393,394,395,396,397,398,399,400,401,402,403,404,405,406,407,408,409,410,411,412,413,414,415,417,418,419,420,421,423,424,427,430,431,432,434,435,436,437,440,442,443,444,446,448,449,450,453,462,466,467,468,469,470,479,480,481,482,484,485,486,487,488,491,493,495,497,499,500,501,502,503,504,505,506,507,508,509,510,511,514,517,523,525,526,527,528,529,536,537,538,539,540,541,542,544,545,550,551,552,553,555,557,559,561,563,566,567
O75475	3,4,5,6,7,8,9,10,11,12,13,14,15,16,17,18,19,20,21,22,23,24,25,26,27,28,29,30,31,32,33,34,35,36,37,38,39,40,41,42,43,44,45,46,47,48,49,50,51,52,53,54,55,56,57,58,59,60,61,62,63,64,65,66,67,68,69,70,71,72,73,74,75,76,77,78,79,80,81,82,83,84,85,86,88,89,91,92,93,94,95,378,381,384,386,390,411,415,418,419,422,423,424,425,427,428,429,430
P01857	4,5,6,7,8,9,10,11,12,13,14,15,16,17,18,19,20,21,22,23,24,25,26,27,28,29,30,31,43,47,49,50,51,52,53,54,55,56,57,58,59,60,62,64,65,66,67,68,70,79,80,82,83,91,92,93,94,95,96,97,99,101,102,103,114,115,116,117,118,119,120,121,122,123,124,147,148,149,150,151,152,153,154,155,168,172,173,174,176,177,178,179,180,181,182,208,209,210,211,212,213,214,215,217,224,225,227,238,239,241,242,243,244,267,284,285,297,298,301,302,303,304,305,307,320,322,323,324,325,326,327,328,329
P15529	34,37,38,39,40,41,42,51,52,53,55,56,57,79,80,81,82,89,91,94,102,106,107,108,110,111,112,116,119,122,128,129,131,132,133,134,135,136,137,138,140,142,143,144,154,159,172,173,174,175,176,177,178,179,180,181,182,183,184,185,186,187,188,190,191,192,193,194,195,197,202,204,205,206,207,208,209,211,212,213,217,218,227,229,230,232,234,237,238,239,240,241,242,243,244,245,248,249,250,251,252,253,255,262,264,265,266,267,269,272,273,274,276,277,279,280
Q9Y6K9	265,266,267,268,269,270,271,272,273,274,275,276,277,278,279,282,283,285,286,287,289,290,293,296,297,299,300,301,302,303,304,306,307,308,309,310,311,312,313,314,315,316,317,318,319,320,321,322,323,324,325,326,327,328,330,331,334
P61769	17,18,19,20,24,25,27,29,48,49,50,55,56,57,58,60,61,62,63,64,65,66,69,70,71,81,84,86,94,95,96,97,98,101,102,103,104,105,106,107,108,109,110,111,112,113,114,115
P60709	2,3,4,5,6,7,15,16,21,22,23,24,25,26,27,28,29,30,31,32,34,37,38,39,40,41,42,43,44,45,46,47,48,49,50,51,52,53,54,56,57,59,60,61,62,63,64,65,66,67,68,69,72,73,75,76,77,78,79,80,81,83,84,87,88,91,92,93,94,95,96,97,98,99,100,101,102,109,110,111,112,113,114,115,116,117,118,121,122,125,126,127,128,130,131,133,135,136,139,140,142,143,144,145,146,147,148,149,157,159,165,166,167,168,169,179,183,184,187,188,191,194,195,196,197,198,199,200,201,202,203,204,205,206,207,208,210,211,214,215,216,217,218,219,220,221,222,223,224,225,226,227,228,229,230,231,232,233,234,235,236,237,238,239,240,241,242,243,244,245,246,247,249,251,252,253,254,256,263,265,266,267,268,269,270,271,272,276,277,279,280,283,284,285,286,287,288,289,290,291,292,294,295,296,305,307,308,309,310,311,314,315,316,318,319,320,321,322,323,324,325,326,327,328,329,330,331,332,333,334,335,336,337,338,341,342,344,345,346,347,348,349,350,351,352,353,354,355,356,358,359,360,361,362,363,364,365,366,367,368,369,371,372,373,374,375
Q8NHL6	23,24,25,26,27,28,29,30,32,33,34,35,36,37,38,40,41,42,48,50,51,52,53,54,56,57,58,72,77,78,80,82,89,90,91,92,93,94,95,97,100,109,110,112,113,114,115,116,117,118,119,120,121,122,123,124,125,126,127,128,129,130,131,132,133,134,135,136,137,138,139,140,141,142,143,144,145,146,147,149,150,151,152,153,154,155,156,157,158,159,160,161,162,163,164,165,166,167,168,169,170,171,172,173,174,175,177,178,179,180,181,182,183,184,185,186,187,188,189,190,191,192,193,194,195,196,197,198,199,200,201,202,203,204,205,206,207,208,209,210,211,212,213,214,215,216,217,218,219,220,221,222,223,224,225,227,229,230,231,232,233,234,235,237,238,239,240,241,242,243,247,249,250,251,253,256,257,258,259,260,261,262,263,264,265,267,269,270,271,272,273,274,275,277,279,281,283,285,286,287,288,289,290,291,292,293,294,296,298,301,302,303,304,305,306,307,308,309,310,312,313,315,319,320,321,322,323,324,325,327,328,329,330,331,332,333,334,335,336,337,338,339,340,341,342,349,350,351,352,353,354,357,358,359,360,361,362,363,364,365,366,367,368,369,370,371,372,373,376,377,378,382,383,384,385,386,387,388,389,390,391,392,393,394,395,396,401,402,403,404,405,406,407,408,410,413,414,415,416,417,418,419,420
P15151	28,30,31,32,33,34,35,36,37,38,39,40,41,43,44,45,46,48,50,51,52,53,54,56,57,58,59,60,61,62,63,64,65,67,69,74,78,80,81,83,84,89,91,93,97,98,99,100,101,102,103,104,105,107,109,115,118,119,120,124,125,126,127,128,129,130,131,132,133,134,138,140,142,143,144,145,146,147,148,149,150,151,153,154,156,158,163,166,168,170,171,172,173,174,176,178,179,180,181,182,183,184,185,188,190,191,192,193,194,195,196,197,198,199,200,201,203,205,207,209,211,212,213,214,215,217,222,224,226,227,228,229,230,231,232,233,234,235,242
P02786	121,123,124,125,126,129,167,170,174,183,194,195,196,199,216,292,295,318,374,376,443,526,527,530,604,612,615,616,619,620,622,623,626,629,630,633,638,639,640,641,643,644,646,647,648,650,651,654,655,657,658,661,662,663,664,665,666,667,669,670,743,757,758,759,760
P09603	34,36,37,38,41,42,44,45,46,47,49,50,87,90,97,101,110,111,113,114,115,117,118,120,125,131,157,161
P35968	130,131,132,139,140,164,165,166,167,168,192,193,194,195,197,210,213,235,237,240,252,271,272,273,276,278,279,280,281,282,283,284,289,310,325,326,347,372,373,374,375,386,387,422,424,425,426,427,428,429,430,431,432,440,442,443,444,446,503,505,507,508,512,514,516,518,552,804,805,806,807,808,809,810,811,812,814,815,820,821,822,823,824,825,826,827,828,829,830,831,832,833,834,835,836,837,838,839,840,841,842,843,844,845,846,847,849,850,851,852,854,855,856,857,858,859,860,861,862,863,864,869,870,871,872,873,874,875,876,877,878,879,880,881,883,884,885,886,887,888,889,890,891,892,893,894,895,896,897,898,899,900,901,902,903,904,906,907,908,909,910,911,912,913,917,918,919,920,921,922,925,926,927,929,930,931,932,933,934,935,936,937,938,939,940,941,942,943,944,948,949,950,954,957,958,959,960,961,962,965,966,967,969,970,971,972,973,974,975,976,977,978,979,980,981,982,983,984,986,987,988,989,990,991,992,993,994,995,996,997,998,1000,1001,1003,1004,1005,1006,1007,1010,1011,1014,1017,1018,1019,1020,1021,1022,1023,1024,1025,1026,1027,1028,1030,1032,1033,1036,1037,1038,1039,1040,1041,1043,1044,1045,1046,1047,1048,1049,1050,1051,1052,1053,1054,1055,1056,1057,1058,1059,1060,1061,1062,1063,1064,1065,1066,1067,1068,1069,1070,1071,1072,1074,1075,1076,1077,1078,1079,1080,1081,1082,1083,1084,1085,1096,1097,1099,1100,1101,1102,1103,1104,1105,1106,1107,1108,1109,1110,1111,1112,1113,1114,1115,1116,1117,1118,1119,1120,1121,1122,1123,1124,1125,1126,1127,1128,1129,1130,1131,1132,1133,1134,1136,1137,1140,1141,1144,1145,1146,1147,1148,1149,1150,1151,1152,1153,1154,1155,1157,1158,1159,1161,1162,1163,1164,1165,1166,1167,1168,1169,1170,1171,1173,1174
Q16630	80,84,86,87,89,90,91,92,93,94,95,96,99,110,111,112,113,114,115,116,117,118,119,120,121,122,123,124,125,126,128,141,142,145,146,147,148,150,151,152,153,155,156,157,158,159,160,161
Q99816	312,313,314,315,316,317,318,319,320,321,322,323,324,325,326,327,329,330,332,333,334,336,337,338,339,340,341,342,343,344,345,346,347,348,349,350,351,353,354,355,356,357,358,359,360,361,362,363,364,366,367,368,369,370,371,372,374,375,376,377,378,379,380,381,382,383,384,385,388
Q96NY8	40,44,47,48,53,56,65,66,68,76,78,82,87,88,89,91,99,101,102,103,104,105,106,109,111,113,119,128,129,144,146,147,148,149,150,151,152,153,154,155,157,158,167,170,172,174,175,177,178,180,182,185,186,187,188,192,193,194,195,196,197,198,199,200,201,203,205,207,209,214,215,216,217,219,226,228,229,230,231,232,234,236,237,239,243
P0CG48	1,2,4,5,11,12,13,14,15,16,17,18,19,20,21,22,23,24,25,28,29,30,31,32,33,34,35,37,38,39,41,43,45,53,55,57,58,60,67,69,77,78,80,82,83,84,85,86,87,88,89,90,92,93,94,95,96,97,98,100,101,103,104,105,107,108,109,110,111,112,113,115,116,118,119,120,121,122,123,124,125,126,127,128,129,130,131,133,134,135,136,137,138,139,140,141,142,143,144,145,146,147,148,149,150,151,152,154,156,158,159,160,161,162,163,164,165,166,167,168,185,186,187,188,189,192,194,196,198,199,201,215,216,218,220,221,222,223,224,225,226,230,232,234,238,239,240,241,242,244,261,291,292,294,296,613,615,616,617,619,620,621,638,641,642,643,644,645,648,650,677,678,679,680,681,682
O14763	89,98,99,100,101,102,104,119,120,121,122,123,125,126,127,128,129,130,131,137,140,143,152,153,155,158,159,160,161,162,163,164,176,178,180
Q9H8S9	3,4,5,6,7,8,9,10,21,22,23,24,25,26,27,29,30,31,33,34,35,36,37,38,39,40,41,42,43,44,46,47,48,49,50,51,52,53,54,55,56,58,59,60,62,63,64,66,67,70,71,73,74,76,77,78,79,80,81,82,100,102,104,105,107,112,113,116,120,121,123,124,126,127,128,129,132,133,134,135,136,137,138,139,140,142,143,145,146,149,150,168,169,172,173,174,175,179,182,185,188,190,191,192,193,194,196,197,198,201,205,208,209
P49792	8,11,13,14,21,22,24,25,26,27,30,31,35,39,55,56,57,58,59,60,61,62,90,91,92,417,550,588,589,590,591,592,593,618,620,622,623,624,625,626,627,631,633,634,661,662,663,1169,1170,1171,1172,1173,1174,1175,1176,1177,1178,1179,1180,1181,1182,1183,1184,1185,1186,1187,1198,1199,1200,1202,1203,1204,1206,1208,1209,1210,1211,1212,1213,1214,1215,1216,1226,1227,1229,1231,1233,1235,1236,1237,1238,1239,1240,1241,1242,1245,1246,1247,1248,1249,1250,1251,1252,1253,1255,1256,1257,1258,1260,1262,1263,1265,1266,1267,1268,1269,1270,1271,1272,1273,1274,1276,1277,1278,1280,1282,1283,1284,1285,1286,1299,1302,1303,1306,2019,2020,2021,2022,2023,2025,2026,2027,2028,2029,2032,2041,2043,2044,2045,2046,2047,2048,2049,2050,2051,2052,2053,2054,2055,2056,2057,2070,2072,2074,2076,2077,2078,2079,2080,2081,2082,2083,2086,2087,2088,2090,2091,2092,2094,2096,2097,2098,2099,2100,2101,2102,2103,2104,2106,2107,2108,2109,2110,2112,2113,2114,2115,2116,2117,2118,2119,2120,2121,2123,2124,2125,2140,2143,2144,2146,2147,2148,2310,2312,2313,2314,2315,2316,2317,2318,2319,2320,2321,2322,2323,2324,2325,2326,2329,2330,2331,2332,2333,2334,2335,2336,2338,2340,2341,2342,2344,2345,2346,2347,2348,2349,2350,2351,2352,2353,2354,2361,2363,2366,2367,2369,2371,2373,2374,2375,2376,2377,2378,2379,2380,2383,2384,2385,2387,2388,2389,2390,2391,2393,2394,2395,2396,2397,2398,2400,2401,2403,2404,2405,2407,2409,2410,2411,2412,2414,2416,2418,2419,2420,2422,2423,2424,2425,2426,2427,2428,2430,2431,2434,2435,2438,2442,2443,2911,2912,2913,2914,2915,2916,2917,2918,2919,2920,2921,2922,2923,2924,2925,2926,2927,2930,2939,2941,2942,2943,2945,2947,2948,2949,2950,2951,2952,2953,2954,2955,2968,2970,2972,2974,2975,2976,2977,2978,2979,2980,2981,2984,2985,2986,2987,2988,2990,2991,2992,2994,2995,2996,2997,2998,2999,3002,3004,3005,3006,3007,3008,3010,3011,3012,3014,3015,3017,3019,3021,3022,3023,3027,3031,3035,3044
P61966	1,3,9,10,12,13,14,16,17,18,19,20,21,22,23,24,25,26,27,28,29,30,31,33,34,36,37,38,40,41,42,43,44,45,46,47,48,49,50,51,52,53,54,55,56,60,66,73,74,75,76,77,78,79,80,81,82,83,86,93,95,96,102,105,106,107,108,109,111,112,115,116,119,120,121,122,123,124,125,126,127,128,129,130,133,134,136,137,139,143,146,147,148
P49790	649,650,651,652,653,655,656,662,663,664,665,666,667,668,669,670,671,672,675,679,680,681,682,683,684,685,686,713,714,715,716,718,719,720,721,727,729,730,731,732,733,734,735,736,743,744,745,746,747,785,786,787,789,790,791,792,798,800,801,802,803,804,805,807,814,815,816,817,818,844,845,848,849,850,856,858,859,860,861,862,863,865,872,873,874,875,876
P0CG47	1,2,4,6,10,12,13,14,15,16,17,18,19,20,21,24,25,27,28,29,31,32,33,34,35,36,37,38,41,50,53,57,58,60,61,69,77,78,80,82,83,84,85,86,87,88,89,90,92,93,94,95,96,97,98,100,101,103,104,105,107,108,109,110,111,112,113,115,116,118,119,120,121,122,123,124,125,126,127,128,129,130,131,133,134,135,136,137,138,139,140,141,142,143,144,145,146,147,148,149,150,151,152,154,156,158,159,160,161,162,163,164,165,166,167,168,185,186,187,188,189,192,194,196,198,199,201,215,216,218,220,221,222,223,224,225,226
Q07817	1,2,3,4,5,6,7,8,9,10,11,12,13,14,15,16,17,18,19,20,21,22,23,24,25,26,27,28,38,39,40,41,42,44,45,46,47,48,49,51,52,53,59,60,61,63,64,69,71,72,73,74,75,76,80,81,82,83,84,85,86,87,88,89,90,91,92,94,95,98,99,102,103,106,107,110,113,114,115,116,117,118,119,120,121,122,123,124,125,127,128,131,134,135,140,143,144,145,147,148,149,150,151,152,153,154,155,156,157,158,159,160,161,162,163,164,165,166,167,168,169,170,171,172,173,174,175,176,177,178,179,180,181,182,183,184,185,186,187,188,189,190,191,192,197,198,199,200,201,202,203,204
O15118	178,179,188,380,422,474,475,476,477
P10415	7,8,9,10,11,12,13,14,15,16,17,18,19,20,21,22,23,24,25,26,27,28,29,30,31,32,60,63,64,65,66,68,69,70,71,72,73,74,75,76,77,78,79,80,81,82,83,84,85,86,87,88,89,90,91,92,93,94,95,96,97,98,99,101,102,103,105,106,109,110,113,114,116,117,121,122,123,126,127,130,131,134,135,138,141,142,147,150,151,152,154,155,156,157,158,159,160,161,162,163,164,165,166,167,168,169,170,171,172,173,174,175,176,177,178,179,180,181,182,183,184,185,186,187,188,189,190,191,192,193,194,195,196,197,199,200,203,204,205
P04908	9,10,12,13,14,16,18,19,20,21,22,26,27,28,30,31,32,33,34,35,37,38,39,40,41,42,43,44,45,46,47,48,50,51,52,55,56,59,60,63,64,67,68,70,71,72,73,74,75,76,77,79,82,84,85,86,87,88,89,90,92,95,96,97,98,99,100,101,102,103,104,105,106,107,108,109,110,111,112,113,114,115,116,117,118,119,120,121,122,123,124,125
P06899	34,35,36,37,38,40,41,42,43,44,46,47,51,52,53,54,55,56,57,58,59,60,62,63,65,66,67,68,69,70,71,72,73,74,75,76,78,79,80,82,83,84,86,87,88,89,90,91,92,95,96,99,101,102,103,104,105,108,109,111,112,113,115,116,119,120,122,123,124,125,126
P84243	20,21,23,24,25,26,27,28,29,30,31,32,33,34,35,36,37,38,39,40,42,44,46,47,48,52,54,55,56,57,58,59,60,61,62,63,64,65,66,68,69,71,72,73,75,76,77,78,79,80,81,82,83,84,85,86,87,88,89,90,91,92,93,94,95,96,97,98,99,100,101,102,103,104,105,106,107,108,109,110,111,112,113,114,115,116,117,120,122,123,124,125,126,127,128,129,130,131,132,133,134,135,136
P62805	9,11,13,14,15,16,17,28,29,30,34,35,38,41,42,43,50,51,53,54,55,57,58,59,60,61,62,63,64,65,66,67,68,69,70,71,72,73,74,75,76,77,78,79,80,81,82,83,84,85,86,87,88,89,91,92,93,94,95,96,97,98,99
Q14258	1,3,4,6,7,9,10,11,12,14,15,16,17,18,19,20,25,26,27,28,29,30,31,36,39,40,43,44,49,50,51,52,54,62,63,64,65,66,67,68,69,71,72,75,76,79,194,195,196,197,198,199,201,202,203,205,206,213,217,220,224,227,230,234,237,241,245,247,252,259,263,270,271,275,278,279,282,285,288,289,292,295,296,298,299,302,304,307,308,310,311,312,314,315,317,319,321,328,329,334,335,337,340,341,343,344,345,347,348,349,351,352,354,355,356,467,469,470,483,484,485,486,487,490,495,496,497,498,499,521,522,523,525,535,538,539,540,541,542,544,552,554,555,556,559,561,616,618,619,621,622
P01130	135,164,165,168,170,171,172,173,174,175,176,314,316,318,319,320,321,322,327,328,329,330,331,332,333,339,340,341,342,376,406,407,647
Q03518	185,186,194,197,198,201,202,204,205,206,207,208,209,210,211,212,213,214,215,216,217,218,219,220,221,222,223,224,225,226,227,228,229,230,231,232,233,234,235,236,237,238,239,240,241,242,243,244,245,246,247,248,249,250,251,252,253,254,255,256,257,258,259,261,262,263,264,265,266,267,268,269,270,271,272,273,274,275,276,277,278,279,281,282,283,284,285,287,288,289,290,291,292,293,296,300,304,306,307,308,310,311,313,314,315,317,318,319,321,322,325,326,329,332,333,336,337,338,341,347,351,354,355,358,359,360,361,362,363,364,366,367,369,370,373,376,377,378,379,380,381,382,383,384,385,386,387,388,389,390,391,392,393,394,395,396,397,398,399,400,401,402,403,405,406,407,409,410,413,414,415,417,418,419,420,421,422,423,424,425,426,427,428,429,430,431,432,433,434,435,436,437,438,439,440,441,442,443,444,445,446,447,448,449,451,455,461,462,463,464,465,466,469,473,477,479,480,482,483,484,485,486,487,488,489,490,491,492,493,494,495,496,497,498,499,500,502,504,506,507,509,510,511,512,513,514,515,516,517,518,519,522,523,524,525,526,527,529,530,531,532,533,537,538,539,540,541,542,543,544,545,546,548,549,550,552,553,554,555,556,557,558,559,560,561,563,565,566,567,568,569,570,571,572,573,574,575,576,577,578,579,580,581,582,583,584,585,586,587,588,589,590,591,592,593,594,596,597,598,599,600,601,602,603,604,605,606,607,608,609,610,611,612,613,614,617,618,620,622,623,624,625,626,627,628,629,630,631,632,633,634,635,636,637,638,639,640,641,642,643,644,645,646,647,648,649,650,652,655,656,658,659,660,661,662,663,665,666,667,668,669,670,671,672,673,674,675,676,677,678,679,680,681,682,683,684,685,686,687,688,689,690,691,693,698,699,700,701,702,703,704,705,706,707,708,709,710,711,714,715,716,717,718,719,720,721,722,723,724,725,726,727,728,729,730,731,732,733,734,735,736,737,738,739,740,741,742,743,744,745,746,747,748
Q03519	143,144,147,148,151,162,163,165,167,168,169,170,172,173,174,175,176,177,178,179,180,181,182,183,184,185,186,187,188,189,190,191,192,193,194,195,196,197,198,199,200,201,202,203,204,205,206,208,209,212,213,216,217,219,220,222,223,224,225,226,227,228,229,230,231,232,233,234,235,236,237,239,240,253,257,260,261,263,268,271,272,275,277,279,281,284,285,286,287,290,291,294,297,298,301,303,306,313,315,316,317,319,320,321,322,323,324,325,326,327,328,329,330,331,332,333,334,335,336,337,338,339,340,341,342,343,344,345,346,347,348,349,350,351,352,353,354,355,356,357,358,359,360,361,362,363,364,365,366,367,368,370,371,372,374,375,376,378,379,382,383,385,386,387,388,389,390,391,392,393,394,395,396,397,398,399,400,401,402,403,404,405,406,407,408,409,410,411,412,413,414,415,416,419,420,423,426,427,430,431,434,438,444,445,447,448,449,450,451,452,453,454,455,456,457,458,459,460,461,462,463,464,465,467,469,471,472,474,475,476,478,480,481,482,483,484,485,487,488,489,490,491,492,494,495,496,497,498,502,503,504,505,506,507,508,509,510,511,513,514,515,517,518,519,521,522,523,524,525,526,528,530,531,532,533,534,535,536,537,538,539,540,541,542,543,544,545,546,547,548,549,550,551,552,553,554,555,556,557,558,559,561,562,563,564,565,566,567,568,569,570,571,572,573,574,575,576,577,578,581,582,584,586,587,588,589,590,591,592,593,594,595,596,597,598,599,600,601,602,603,604,605,606,607,608,609,610,611,612,613,614,616,619,620,622,623,624,625,626,627,629,630,631,632,633,634,635,636,637,638,639,640,641,642,643,644,645,646,647,648,649,650,651,652,653,658,659,660,661,662,663,664,665,666,667,668,669,670,671,674,675,676,677,678,679,680,681
P15144	40,41,42,44,45,46,60,61,62,64,65,66
Q96SB4	64,65,66,67,68,69,71,72,73,74,75,77,78,79,80,81,82,83,84,85,86,87,88,89,90,91,92,93,96,98,99,100,101,102,103,104,105,110,111,112,113,114,115,116,117,118,119,120,122,123,125,126,127,129,130,132,133,134,135,136,137,138,139,140,141,142,143,146,147,148,149,150,151,152,153,154,155,156,157,158,159,160,161,162,163,164,165,166,167,168,169,170,171,173,174,175,176,177,178,179,180,183,184,185,187,188,190,191,192,194,198,201,202,204,205,206,207,208,209,212,213,215,217,218,221,222,224,227,265,266,267,268,270,505,506,507,508,509,510,511,522,523,525,527,562,575,576,578,579,581,582,583,584,585,586,588,589,592,593,594,595,596,597,598,601,603,607,610,613,618,619,620,637,639,640,641,643,645,646,649
P51681	14,16,17,18,19,20,21,23,27,28,30,31,32,34,35,36,38,39,40,41,42,43,45,46,49,50,52,53,54,55,56,57,58,59,60,61,62,63,64,67,68,70,74,77,78,79,80,81,82,83,84,85,87,88,91,94,95,96,97,98,99,100,102,103,104,107,121,124,127,128,130,131,132,133,134,135,136,137,138,139,140,141,142,143,144,145,146,147,148,149,150,151,154,155,157,158,159,161,162,164,165,166,167,168,169,171,176,183,185,186,188,189,190,192,193,196,197,199,200,201,203,204,205,207,208,209,210,211,212,214,215,216,217,218,219,220,221,222,223,224,225,227,228,229,230,231,232,233,234,235,238,239,241,242,243,245,246,247,249,250,253,256,257,259,260,261,262,263,264,265,266,267,268,269,270,271,272,273,274,275,277,278,281,282,285,288,291,292,295,296,297,298,299,300,301,302,303,304,305,306,308,309,312
Q8IUX4	1,2,3,4,6,7,8,9,10,11,12,13,15,16,24,25,26,27,28,29,31,34,41,42,43,44,45,47,49,50,52,53,54,55,56,57,59,60,61,64,69,72,73,76,78,79,80,81,83,86,97,98,101,104,108,114,115,116,118,123,124,125,126,127,128,129,130,131,132,135,136,138,139,141,142,143,144,145,146,148,149,150,151,153,154,157,158,161,163,164,165,166,168,171,172,174,175,176,177,178,179,180,181,182,183,185,186,187,188,189,190,191,192,193,194,195,197,199,203,205,206,207,208,210,211,215,216,217,220,221,223,225,227,228,229,230,231,232,233,234,235,236,237,238,239,240,241,242,243,245,246,247,249,253,257,267,268,269,270,271,272,274,277,278,280,283,285,288,291,292,295,296,297,298,299,300,302,305,306,308,310,311,312,314,315,316,319,320,322,323,324,325,326,327,328,329,332,333,334,335,337,338,340,341,342,343,346,349,350,351,353,354,355,356,357,358,359,360,361,362,363,364,365,366,367,368,369,370,372,373
Q7Z6A9	59,78,94,95,119
P53992	343,346,348,362,364,366,407,408,410,413,424,426,427,428,429,430,431,434,438,440,441,442,446,451,452,453,455,456,458,459,461,462,465,466,467,468,469,470,471,472,473,474,475,476,479,480,491,492,493,494,495,496,515,516,517,518,521,522,525,526,529,541,554,555,557,559,562,564,565,566,567,568,569,570,571,572,573,574,575,576,577,578,579,580,581,582,583,584,585,586,600,601,604,606,607,608,609,610,611,612,613,614,616,628,650,657,668,681,685,702,728,729,732,733,736,740,752,754,755,756,762,763,764,766,772,773,774,775,776,777,796,808,810,812,820,857,861,959,962,998,999,1000,1001,1003,1004,1007,1008,1009,1013,1023,1024,1025,1026,1027
Q14126	50,51,52,53,54,55,56,57,58,59,60,61,62,63,64,65,66,67,68,69,70,71,72,73,74,75,76,77,78,79,80,81,82,84,86,87,88,89,90,91,92,94,95,96,97,98,99,100,103,104,105,106,107,108,109,110,111,112,113,114,115,116,117,118,119,120,121,122,123,124,125,126,128,129,130,131,132,133,134,135,136,137,138,139,140,141,142,143,144,145,146,147,148,150,151,152,153,154,155,156,158,159,160,161,162,163,164,165,166,167,168,169,170,176,177,178,179,180,182,183,184,185,186,187,188,189,190,191,192,193,194,195,197,198,199,200,201,202,203,204,205,206,210,211,213,216,217,219,222,229,230,232,233,234,236,237,238,240,242,243,244,245,246,247,248,249,250,251,252,253,254,255,256,257,259,260,261,263,264,265,266,268,269,271,272,273,274,275,276,277,278,279,280,282,286,287,288,289,290,291,292,293,294,295,296,297,298,299,300,301,302,303,305,306,307,308,309,310,311,312,313,314,316,317,318,319,320,323,324,326,327,328,329,330,331,332,338,339,341,342,343,344,349,350,351,355,356,357,358,371,372,373,374,376,380,381,383,384,386,389,390,391,392,393,394,395,396,405,406,407,408,409,410,412,414,415,416,418,420,427,433,434,435,437,438,439,466,476,484,488,490,501,524,525
P0C0S8	9,16,18,19,20,21,22,23,24,25,26,27,28,29,30,31,32,33,34,35,36,37,38,39,40,41,42,43,44,45,46,47,48,50,51,52,54,55,56,57,58,59,60,61,62,63,64,65,66,67,68,69,70,71,72,73,74,75,76,77,78,79,80,81,82,84,85,86,88,89,90,91,92,93,94,95,96,97,98,99,100,101,102,103,104,105,106,107,108,109,110,111,112,113,114,115,116,117,118,119,120,121,122,123,124,125
P62807	34,35,36,37,38,40,41,42,43,44,45,46,47,48,49,50,51,52,53,54,55,56,57,58,59,60,62,63,65,66,67,68,69,70,71,72,73,74,75,76,78,79,80,82,83,84,86,87,88,89,90,91,92,95,96,99,101,102,103,104,105,106,107,108,109,110,111,112,113,114,115,116,117,118,119,122
P63010	2,3,4,5,6,7,8,9,10,11,12,16,20,25,31,35,38,39,41,42,43,44,45,46,51,52,53,55,56,59,61,62,63,64,67,68,70,71,74,75,76,77,78,79,81,82,83,85,86,87,98,99,100,101,102,103,104,105,107,108,109,111,112,113,114,115,116,117,133,134,135,136,139,140,143,144,146,147,150,151,172,173,174,175,178,179,182,183,185,186,187,189,190,192,211,212,213,214,215,216,217,218,219,220,221,224,227,228,229,230,231,242,243,245,246,247,248,249,250,251,252,253,254,256,257,258,261,264,265,272,273,274,283,286,287,289,290,291,293,294,295,296,297,298,299,300,301,304,305,307,308,310,311,312,313,314,320,322,323,325,326,327,328,329,330,331,332,333,334,335,336,337,338,340,343,344,345,346,347,348,349,352,353,355,356,357,359,360,361,363,364,365,366,367,368,369,370,371,372,375,376,378,379,380,382,383,384,386,389,390,400,401,402,403,404,405,407,408,409,410,424,440,441,442,443,445,467,468,471,472,474,475,476,477,478,479,500,501,504,505,507,508,512,515,524,527,531,566,567,568,569,570,571,573,574,576,578,579,580,581,582,583,584,619,624,625,628,629,631,632,634
P53680	1,3,11,12,14,16,17,18,19,20,21,22,23,24,25,26,27,28,29,30,31,32,33,34,36,37,38,40,41,42,43,45,47,49,50,51,52,53,54,55,56,66,71,72,73,74,75,76,77,78,79,80,82,83,86,93,95,96,102,105,106,107,108,109,111,112,115,116,117,119,120,121,122,123,124,125,126,127,128,129,130,131,133,134,135,137,138,139,140,141,142
P54725	235,237,238,239,240,241,242,243,244,245,246,247,248,249,250,251,252,253,254,255,256,257,258,259,260,261,262,263,265,266,269,270,273,274,275,276,277,278,280,281,282,284,285,288,289,307,308,309,310,311,312,313,321,334,335,338
P15880	54,55,56,57,58,60,61,62,63,64,65,66,68,84,85,86,87,88,89,90,91,92,93,118,119,121,142,149,152,156,157,160,169,170,171,172,173,174,175,176,178,198,199,200,201,202,203,204,205,206,207,208,209,211,215,220,221,223,233,263,264,266,267,268,269,270,271,272,273,274,275,276,277,278,279,280,281
P23396	1,4,5,6,7,8,9,10,11,12,14,15,16,17,18,19,20,21,23,24,25,26,27,28,29,30,31,32,37,38,39,40,41,42,43,44,45,46,47,48,49,55,56,57,58,59,60,61,62,63,64,65,66,67,68,69,70,71,72,73,74,75,76,77,78,79,80,81,82,84,85,86,87,88,89,90,92,119,123,128,145,151,153,154,155,162,165,166,167,179,195,197,198,199,200,201,202,214,215,216,217,218,219,220,221,222,223,224,225,226,227,228
P46781	17,18,20,21,23,24,27,47,50,51,54,55,56,58,59,60,61,62,63,64,65,70,91,92,93,94,95,96,98,99,100,101,117,155,156
P62861	122,132
P29317	28,29,30,31,32,33,44,45,46,51,52,75,78,82,84,85,87,90,97,102,104,105,110,111,112,113,114,115,116,117,118,120,128,129,130,131,134,136,137,138,144,146,152,153,154,155,156,157,158,159,160,175,176,185,186,195,200,201,220,221,223,225,244,246,249,250,254,255,257,311,331,333,352,373,374,375,423,424,425,426,428,488,586,587,589,591,592,595,596,597,603,604,605,606,607,608,609,610,611,612,613,614,615,616,617,618,619,620,621,622,623,624,625,626,628,629,631,632,633,634,635,636,637,638,639,640,641,642,643,647,648,649,650,651,652,653,654,655,656,657,658,659,661,662,665,666,667,668,669,670,671,672,673,674,675,677,678,679,680,684,685,686,687,689,691,693,694,696,697,701,702,703,705,706,707,708,709,710,711,712,713,714,715,718,721,722,725,728,729,731,732,733,734,735,736,738,741,743,748,749,750,751,752,754,760,761,762,763,764,765,766,767,768,769,770,771,772,773,774,775,776,777,778,779,780,781,782,783,787,788,789,790,791,792,793,794,795,796,797,809,811,812,813,814,815,816,817,818,819,820,821,822,823,824,825,827,828,829,831,832,833,834,835,837,838,839,840,841,842,843,844,845,847,848,849,851,852,855,856,857,858,859,860,861,862,863,865,866,868,869,870,872,873,874,875,876,877,878,879,880,882,883,884,887,889,941,945,952,955,956,959,960,963,964,967,970,971,972,973,974,975,976
P05362	53,65,67,83,88,90
Q00610	1,2,3,4,5,7,8,9,10,11,12,13,14,16,17,18,19,21,22,23,24,25,26,27,28,29,41,43,44,45,46,56,57,58,59,60,62,63,69,70,74,76,77,78,79,85,86,88,92,94,95,97,99,100,101,102,104,105,106,107,108,109,113,116,117,124,125,132,133,134,135,137,140,142,143,144,145,146,149,150,151,152,154,161,163,164,170,171,172,173,174,175,176,177,182,183,184,185,187,188,189,190,191,192,193,194,195,205,206,207,208,209,210,211,216,218,221,222,223,224,225,227,229,231,232,233,234,235,236,237,238,239,241,242,244,245,246,247,248,249,251,253,254,255,256,257,258,259,260,278,279,281,288,289,291,292,294,295,296,297,298,299,300,301,302,304,320,321,323,325,330,332,333,337,339,340,341,342,343,344,345,346,349,350,352,353,354,356,357,358,359,360,361,362,363,366,367,378,382,389,390,407,408,409,410,411,415,416,419,420,423,426,429,443,444,445,446,447,449,450,453,454,455,471,472,473,474,476,477,480,481,482,483,484,485,486,499,527,528,530,531,534,535,538,539,540,568,572,635,636,638,640,641,644,675,676,677,708,713,738,740,742,743,745,757,758,760,761,764,765,772,785,786,789,792,793,798,802,805,806,820,821,822,823,827,830,834,850,851,852,853,854,856,859,860,863,864,867,879,882,883,885,886,887,888,889,890,891,892,893,895,896,908,910,911,912,913,914,915,936,937,938,939,940,941,945,948,949,966,968,969,972,973,975,976,979,980,981,982,983,984,985,986,1003,1007,1010,1011,1014,1015,1016,1017,1018,1019,1020,1022,1037,1038,1039,1041,1042,1045,1046,1048,1049,1073,1097,1100,1101,1102,1103,1165,1166,1167,1184,1185,1188,1190,1193,1194,1195,1196,1197,1198,1199,1220,1221,1222,1223,1224,1226,1246,1247,1248,1249,1250,1267,1278,1279,1280,1281,1291,1292,1293,1294,1295,1296,1307,1309,1310,1311,1312,1313,1314,1315,1326,1327,1329,1331,1334,1337,1338,1341,1342,1344,1345,1346,1354,1355,1356,1357,1358,1363,1366,1367,1368,1369,1370,1371,1372,1373,1379,1380,1381,1382,1383,1384,1386,1387,1388,1389,1390,1393,1396,1397,1398,1399,1400,1401,1402,1405,1410,1412,1413,1414,1415,1416,1417,1425,1428,1429,1430,1431,1432,1433,1434,1437,1444,1446,1447,1453,1458,1459,1460,1461,1473,1474,1475,1476,1477,1478,1488,1489,1492,1493,1503,1504,1505,1506,1507,1508,1516,1517,1518,1519,1520,1521,1525,1526,1528,1529,1530,1531,1532,1533,1534,1535,1536,1537,1538,1539,1540,1541,1542,1543,1544,1545,1546,1547,1549,1552,1553,1555,1556,1557,1559,1560,1561,1562,1563,1564,1565,1566,1567,1568,1570,1571,1572,1574,1575,1576,1577,1578,1579,1580,1581,1583,1584,1587,1588,1589,1591,1592,1593,1594,1595,1596,1597,1598,1599,1600,1601,1602,1603,1604,1605,1606,1607,1608,1609,1610,1611,1612,1613,1614,1615,1616,1617,1618,1619,1620,1621,1622,1623,1624
P11940	12,20,21,22,23,24,25,26,28,29,32,35,36,37,38,39,40,44,45,46,47,48,49,50,51,52,54,60,61,70,78,79,81,86,88,89,90,91,92,93,94,95,96,97,98,99,100,102,105,109,110,111,113,114,116,117,118,120,121,122,127,129,132,133,134,135,136,138,140,142,147,148,149,152,153,155,156,157,158,159,160,161,162,163,164,165,166,167,168,169,170,171,172,173,174,176,177,178,180,181,182,183,184,186,187,188,197,199,200,201,203,204,205,214,224,225,226,227,228,229,230,242,245,246,248,249,250,251,252,253,254,255,257,258,259,260,262,264,265,266,278,281,282,285,288,289,290,292,297,299,300,326,327,328,331,332,333,334,335,337,344,355,356,357,358,359,360,361,362,364,367,369,370,372,373,375,376,377,378,379,380,382,383,384,385
Q14232	18,22,24,27,60,61,71,72,75,78,79,82,86,87,88,92,93,95,96,99,100,103,104,106,107,110,113,114,115,116,117,118,119,120,121,122,123,124,128,130,132,144,145,146,147,148,149,150,151,152,154,155,156,157,158,159,160,162,163,165,166,168,169,170,172,173,174,175,176,177,178,179,180,181,182,183,184,185,186,187,188,189,190,191,192,194,198,201,202,203,204,205,209,210,211,212,213,214,215,217,218,220,221,222,223,224,225,226,227,232,233,235,238,239,240,241,242,243,244,245,246,247,248,250,251,252,253,254,255,256,257,258,259,260,261,262,263,264,265,266,267,268,269,270,271,272,273,274,275,276,277,278,279,280,281,282,283,285,286,287,288,289,290,291,292,293,294,295,296,297,298,299,300,301,302,303
Q9UI10	168,176,177,178,179,180,181,182,189,190,191,192,193,194,195,196,197,198,199,200,201,202,203,204,205,206,208,209,210,212,213,216,217,218,228,231,234,235,236,238,239,240,241,242,243,244,251,255,275,276,278,279,280,281,282,283,284,285,286,295,299,300,302,303,306,307,310,311,312,314,315,319,323,326,327,328,329,330,331,332,336,337,338,340,348,353,354,355,356,357,358,359,360,362,363,364,365,366,367,368,370,371,372,373,374,376,377,378,380,381,382,383,384,385,386,387,388,389,390,391,392,393,394,395,396,397,398,399,400,402,406,409,410,411,412,413,417,418,419,420,421,422,423,425,426,428,429,430,431,432,433,434,435,440,441,443,445,446,447,448,449,450,451,452,453,454,455,456,457,458,459,460,461,462,463,464,465,466,467,468,469,470,471,472,473,474,475,476,477,478,479,480,481,482,483,484,485,486,487,488,489,490,491,492,493,494,495,496,497,498,499,501,502,507,508,509,510,511,512,513,514,515,516,517,518,519,521,522
P63096	2,3,4,5,6,7,8,9,10,11,12,13,14,15,16,18,19,21,22,23,26,29,36,37,38,39,40,41,42,43,44,45,46,47,48,49,50,51,52,53,54,57,58,59,60,61,62,63,64,65,66,67,68,69,70,71,72,74,75,76,78,79,80,82,83,85,86,88,89,90,91,92,93,94,95,96,97,98,101,104,105,106,108,109,110,111,112,113,114,115,116,117,118,119,120,121,122,128,132,134,135,137,138,141,142,144,145,146,147,148,149,150,157,158,160,161,163,164,165,166,167,168,169,170,171,172,174,175,177,178,179,180,181,182,183,184,185,186,187,188,189,190,191,195,196,197,198,199,200,201,202,203,204,205,206,207,208,209,210,211,212,213,214,215,216,218,220,221,222,223,225,229,232,233,234,235,236,237,238,239,240,241,242,244,245,246,247,248,249,251,252,253,255,256,257,258,259,260,261,262,263,264,265,267,269,270,271,272,273,275,276,278,279,280,281,282,284,285,286,288,289,290,291,292,293,294,295,296,297,298,299,300,301,302,304,305,306,308,309,310,311,312,313,317,321,322,323,324,325,326,327,328,329,330,331,332,334,335,338,339,342
P62873	2,3,4,5,6,7,8,10,11,12,13,14,15,16,17,18,19,21,22,24,25,26,27,28,29,30,32,33,34,35,36,37,38,39,40,41,42,43,44,45,49,56,57,59,63,66,67,68,69,74,75,76,77,78,80,82,83,84,85,86,87,88,89,90,91,92,94,95,96,97,98,99,100,101,111,117,118,119,120,125,126,127,128,129,130,131,132,133,134,135,136,137,138,140,141,142,143,144,145,147,161,162,163,164,165,169,170,172,173,174,175,176,177,178,179,181,182,183,184,185,186,188,197,204,205,209,210,211,212,214,215,216,217,218,219,220,221,222,223,227,228,229,230,235,236,237,239,240,246,252,253,254,255,256,257,258,259,260,261,262,264,266,268,270,271,272,274,278,279,280,281,282,283,284,286,290,291,292,293,296,298,299,300,301,304,305,306,307,309,313,314,316,320,321,323,324,325,326,327,332,338,339,340
O14786	78,80,83,84,126,127,128,288,289,296,299,300,302,303,304,317,321,322,323,324,327,329,332,333,347,365,366,367,402,403,415
P16234	134,142,163,164,165,183,184,185,186,204,205,207,264,270,297,728,730,734,735,736,737,750,751,753,754,773,774,775,776,777,779,780,781,782,783,784,785,786,787,788,789,790,791,793,794,797,800,801,804,807,808,809,810,811,812,813,814,815,816,817,818,820,822,823,826,827,828,829,830,831,833,834,835,836,837,838,839,840,841,842,843,844,845,846,847,848,849,850,851,852,853,854,855,856,857,858,859,860,861,862,864,865,866,867,868,869,870,871,872,873,874,875,886,887,889,890,891,892,893,894,895,896,897,898,899,900,901,902,903,904,905,906,907,908,909,910,911,912,913,914,915,916,917,918,919,920,921,922,923,924,926,927,930,931,933,934,935,936,937,938,939,940,941,942,943,944,945,947,948,949,951,952,954
Q8N3R9	119,126,127,130,131,133,134,137,138,139,140,142,143,146,147,149,150,153,154,156,157,158,159,161,162,163,165,166,167,168,169,170,171,172,173,174,175,176,177,178,179,180,181,182,183,184,227,228,229,230,231,232,254,255,256,257,258,260,262,275,276,277,285,286,287,288,291,292,293,294,296,298,299,300,302,303,305,306,307,308,310,312,316,319,320,323,324,325,326,327,328,329,331,332,333,334,335,348,349,350,351,352,353,354,355,357,359,360,361,373,375,376,378,379,380,390,395,407,408,409,410,414,418,421,432,434,435,436,437,461,462,463,464,465,466,467,468,469,470,471,472,474,475,476,480,485,486,487,488,489,490,491,492,493,494,495,497,498,500,501,502,503,504,505,506,507,509,510,511,513,515,516,517,518,519,520,521,522,523,524,525,526,527,528,529,530,531,532,533,534,535,537,538,539,540,541,542,543,544,545,546,547,548,549,550,551,552,553,554,555,556,560,561,562,564,565,566,568,569,570,571,576,577,578,579,580,581,583,584,585,586,587,588,589,590,591,592,593,596,598,599,600,601,602,603,604,605,606,607,608,610,611,612,613,614,615,616,617,618,619,621,622,625,626,628,629,630,631,632,633,634,635,636,637,638,639,640,641,642,643,644,645,646,647,648,649,650,652,653,654,656,657,658,659,660,661,662,668
P19174	547,548,549,554,556,557,558,562,566,570,571,574,575,576,577,578,579,580,582,583,586,587,588,589,590,591,592,593,594,596,599,600,601,602,603,604,605,609,610,611,612,613,614,615,616,617,620,621,622,625,630,631,632,633,634,637,638,639,640,641,642,643,644,648,650,651,652,654,655,656,657,658,659,660,661,664,665,668,669,670,671,672,673,674,676,677,679,680,681,682,683,684,685,686,690,694,695,696,697,698,699,700,701,702,708,709,710,711,718,719,720,722,723,724,730,731,732,733,734,735,736,739,740,742,743,744,745,749,753,788,789,791,792,793,794,795,796,797,799,800,812,813,814,815,816,817,819,823,824,826,829,832,833,834,835,843,844,846
P09884	393,439,440,441,447,448,449,450,548,551,552,553,554,555,641,642,645,646,649,650,652,672,681,707,725,726,801,813,814,843,846,848,852,853,854,876,877,878,879,880,881,882,892,893,894,898,899,900,901,902,906,907,964,975,978,979,981,982,985,986,988,989,992,993,995,996,997,1009,1011,1012,1013,1052,1104,1105,1106,1109,1110,1113,1114,1117,1118,1121,1140,1141,1142,1144,1145,1146,1147,1148,1149,1150,1152,1227,1228,1229,1230,1231,1233,1234,1237,1238,1243,1244,1247,1248,1250,1251,1252,1255,1256,1257,1258,1260,1261,1262,1263,1264,1265,1266,1267,1268,1270,1271,1272,1274,1275,1280,1281,1282,1284,1285,1286,1287,1289,1291,1297,1298,1299,1301,1302,1303,1304,1308,1309,1313,1314,1321,1322,1324,1325,1327,1328,1329,1331,1332,1334,1335,1336,1338,1339,1340,1341,1342,1343,1344,1345,1346,1347,1348,1350,1351,1352,1353,1354,1355,1356,1357,1358,1359,1360,1361,1362,1363,1364,1365,1366,1367,1368,1369,1370,1372,1373,1374,1375,1376,1377,1378,1379,1380,1381,1382,1383,1385,1386,1388,1389,1392,1393,1396,1411,1416,1419,1420,1423,1424,1425,1428,1431,1432,1436,1438,1439,1440,1441,1442,1443,1444,1445,1446,1447,1448,1449,1450,1451,1452,1453,1454,1455,1456,1457,1458,1459,1460,1461,1462
P28482	4,9,10,11,12,13,14,15,16,17,18,20,23,24,26,27,28,29,30,31,32,33,34,35,36,37,38,39,41,42,43,45,46,47,48,49,50,55,57,58,59,60,61,62,63,64,66,67,70,73,76,77,78,79,81,82,85,86,87,93,94,95,96,97,99,100,106,107,108,109,110,111,112,113,114,115,116,117,118,119,120,121,122,123,124,125,128,129,131,132,135,138,141,142,143,144,149,151,152,153,154,156,157,158,159,160,161,162,164,166,167,170,172,173,174,175,176,177,178,179,180,181,182,183,184,185,187,188,189,190,191,192,193,201,204,205,206,207,222,223,224,225,226,227,229,230,231,232,235,238,239,242,243,244,245,246,248,249,250,251,253,254,255,256,258,261,262,265,266,267,268,269,270,271,272,273,274,276,277,278,279,280,281,283,284,285,288,291,292,297,299,300,301,302,303,304,305,306,309,310,311,314,315,316,317,318,319,320,321,322,323,324,325,326,327,328,329,330,331,332,333,334,335,336,337,338,339,340,341,342,343,344,345,346,349,350,352,353,354,355,356,357,358,359,360
P51812	46,47,49,56,57,58,59,60,61,62,64,67,74,75,77,78,79,80,84,86,87,89,90,91,92,93,94,95,96,97,103,104,105,106,107,108,109,110,111,112,113,114,116,119,120,122,123,124,125,126,127,128,130,132,133,134,135,136,138,141,148,149,150,151,168,172,179,182,183,186,187,188,189,192,193,194,195,198,202,203,204,208,211,214,215,216,217,218,220,223,224,225,226,227,229,230,235,236,237,238,239,240,241,242,243,244,245,246,247,248,249,253,256,257,274,275,277,280,297,301,307,308,310,312,313,314,315,316,317,318,319,320,322,324,325,327,328,329,330,331,332,333,334,336,337,338,339,340,341,342,343,344,345,346,347,348,349,350,351,352,353,354,355,357,358,359,360,361,362,363,364,365,367,368,370,371,372,373,374,375,376,377,378,379,380,381,383,384,386,387,388,417,418,419,420,421,422,441,442,443,444,446,448,465,468,469,470,472,473,474,478,479,480,481,482,483,484,485,490,492,503,506,507,508,509,510,525,528,529,532,533,569,570,571,572,573,574,575,576,577,578,579,580,583,584,585,586,587,588,589,591,592,595,596,647,663,664,665,685,686,687,688,689,690,691,693,694,715,716,717,718,719,720,721,722,723,724,725,726,727,729,730
P55196	42,44,47,56,57,58,59,60,61,74,77,78,79,81
Q8N448	30,34,35,36,37,38,40,43,44,46,49,51,52,53,54,55,73,76,77,80,81,83,85,86,88
P31947	1,2,3,4,5,6,8,9,11,12,13,15,16,17,18,19,20,21,23,24,25,27,28,31,32,33,34,35,36,37,48,51,53,54,55,57,58,59,61,62,63,64,65,66,67,68,69,70,72,73,74,75,76,77,78,79,80,81,82,83,84,85,86,87,88,89,90,91,93,94,95,97,98,100,101,102,104,105,106,108,109,110,111,112,113,114,115,117,124,128,130,131,135,136,137,138,139,140,141,142,143,145,146,148,149,152,153,156,157,159,160,161,162,163,164,166,180,181,185,192,195,196,198,199,200,202,203,204,205,206,207,208,209,210,211,213,214,216,217,220,221,224,228,231,232
P29992	8,9,10,11,12,13,14,15,16,17,18,19,20,21,24,210,211,212,242
P07204	410,411,412,413,414,423,424,425,426,427,428,429,431,432,433,434,435,436,437,438,440,441,442,443,446,447,448,449,450,452,454,456,457,463,465,469,472,479,481
Q9NVP2	1,2,3,5,6,7,8,9,10,11,12,13,14,15,17,19,20,21,23,25,27,28,29,30,31,32,33,34,35,36,37,39,41,43,45,46,47,48,49,50,51,52,53,54,55,56,57,58,59,60,61,62,63,64,65,66,67,68,69,70,71,72,73,74,75,77,78,79,80,81,82,83,84,85,86,87,88,89,90,91,92,93,94,96,98,100,102,103,104,105,107,108,109,110,111,112,114,115,116,117,118,119,120,121,122,123,127,128,129,130,131,133,134,136,137,138,139,140,141,142,143,144,145,146,147,148,149,150,151,152,153,154,155
P63104	1,2,3,4,5,6,8,9,11,12,13,14,15,16,17,18,19,20,21,23,24,25,27,28,31,32,33,34,35,36,37,38,39,40,41,42,43,48,51,53,54,55,57,58,59,60,61,62,63,64,65,66,67,68,69,70,71,72,73,74,75,76,77,78,79,80,81,82,83,84,85,86,87,88,89,91,92,93,95,96,98,99,100,102,103,104,106,107,108,109,110,111,112,113,114,115,117,122,124,125,126,129,133,134,135,136,137,138,139,140,141,142,143,144,146,147,150,151,153,154,155,157,158,159,160,161,162,163,164,165,166,167,178,179,181,182,183,184,185,186,187,189,190,191,193,194,196,197,198,200,201,202,203,204,205,206,207,208,209,210,211,212,213,214,215,218,219,222,225,226,229,230,231
