target_prot	exogenous_only_interfacial_residues
P52292	269,279,366,367,402,439,486
O00505	305,396,430,489,490
O60684	112,267,270,280,367,368,403,408,440,454,492,506,507
O15131	108,109,111,112,113,114,115,117,119,146,150,154,156,157,158,160,163,185,188,189,192,196,231,232,270,273,283,286,370,371,391,406,411,427,443,457,477,481,495,509,510
P52294	114,269,272,282,369,370,405,410,442,456,494,508,509
Q9BYF1	19,20,21,23,24,25,26,27,28,29,30,31,32,33,34,35,37,38,39,41,42,44,45,46,48,49,61,67,68,71,72,74,75,76,78,79,80,81,82,83,84,85,86,87,88,93,96,97,98,100,101,110,112,113,114,115,117,121,178,179,181,182,185,186,189,192,195,197,208,210,211,213,214,215,216,218,221,224,246,247,249,250,253,254,256,257,258,259,321,322,323,324,325,326,327,329,330,351,352,353,354,355,356,357,383,384,386,387,388,389,390,393,470,479,482,531,534,535,553,555,571,574,575,601,602,603,606,607,608,609,610,611,613,614,615
P78406	35,36,67,70,76,78,79,80,81,82,118,170,171,187,190,191,192,193,206,207,208,209,210,211,212,243,250,251,252,254,255,256,257,259,296,300,301,302,304,305,306,307,308,309,310,311,312,356,360,361,363,364,365
P52948	177,179
O94826	185,212,215,216,218,219,225,229,233,256,259,260,263,340,341,375,376,378,379,381,383,406,409,410,412,413,414,415,424,440,443,447,477,480,481,484,488,509,511,514,515,518,521,522,525,541,543,544,545,546,549,550,553,556,557,558,559,561,568,576,577,579,580,583,587,590,591,594,595,597,598,600
P05161	2,4,18,19,23,30,31,34,56,80,81,82,96,108,110,112,113,122,139,157
P27487	48,91,93,94,97,125,126,137,138,139,140,141,142,188,205,206,209,227,265,266,267,269,280,281,283,284,285,286,288,289,290,291,292,294,295,296,297,298,317,322,326,331,333,334,335,336,338,339,340,341,342,343,344,346,348,357,390,391,392,393,545,547,552,554,560,561,562,627,629,630,631,656,659,662,666,669,710,711,740,741,748,752
P08631	86,147,148,149,150,153,157,174,206,218,221
P07948	71,80,81,86,112,132,133,134,135,138,142,159,191,203,206
O60563	36,39,40,43,44,46,47,51,57,59,81,97,111,112,113,154,155,159,162,179,183,184,249,259,261
Q15223	70,73,94,95,113,115,123,137,153,175,236,239,240
Q10567	18,21,22,239,240,241,244
P06400	460,461,463,464,467,468,470,472,473,475,476,479,481,482,485,527,529,530,531,533,534,537,572,575,582,583,584,585,709,710,713,714,716,720,721,722,725,726,729,736,739,740,751,752,753,756,757,761,762,765,768,769,770,772
P78310	19,20,21,22,24,25,27,28,30,31,35,38,40,42,48,50,51,75,76,78,80,81,82,85,96,134,138
Q15369	77
Q13617	227,275,279,280,286,289,291,294,311,315,318,319
Q13951	18,21,31,35,47,48,51,55,68,75,76,77,78,79,80,81,82,84,85,86,87,90,91,98,99,125,133,136,137,138,139,140,142,143,144,145,146,149,150,151,152,154,155,158,159,160
Q93034	11,58,83,222,274,278,279,285,288,290,293,297,307,308,309,310,311,312,313,314,315,317,318,319,320
Q9Y4B6	1093,1094,1095,1097,1102,1103,1104,1107,1113,1119,1128,1129,1131,1136,1137,1138,1139,1147,1154,1155,1156,1160,1165,1166,1167,1168,1180,1181,1221,1224,1225,1253,1254,1255,1256,1261,1277,1278,1280,1285,1290,1298,1313,1314,1315,1328,1329,1330,1355,1356,1375,1376,1377,1378,1379,1380,1382
Q16531	776,845
P51816	74,75,80,81,84,85,86,87,88
P13051	113,120,123,124,153,154,155,156,157,161,167,174,175,176,177,178,179,180,181,184,195,221,223,224,227,229,256,277,279,280,281,282,283,284,285,288
P52630	53,57,60,64,91,92,95,96,98,99,100,101,203,207,211,212,215,218,219,221,222,225,229,299,302,303,306,307,310
P60033	136,137,157,158,159,160,161,163,164,166,173,174,179,180,181,182,183,184,185,186,187,188,189,192
Q16825	1013,1014,1015,1016,1017,1018,1019,1029,1031,1032,1033,1034,1035,1036,1041,1043,1044,1045,1056,1058,1083,1086,1087,1090,1094
Q15678	1025,1026,1027,1028,1029,1030,1031,1041,1043,1044,1045,1046,1047,1048,1053,1055,1056,1057,1068,1070,1095,1098,1099,1102,1106
Q9UER7	252,255,257,327,330
P62979	6,27,38,41,42,44,46,47,48,49,50,51,52,54,59,62,63,64,65,66,68,69,70
P52799	33,37,44,46,53,54,56,58,61,93,104,114,126,132,139,141,142,145,146,148,149,154,155,156,157,159,161,163,164,165,166,167,168
O00629	396
Q15768	33,37,43,44,45,46,48,49,50,51,53,54,56,58,61,65,66,67,75,78,80,86,87,90,91,95,96,107,108,117,129,130,131,132,133,134,135,136,142,144,145,148,149,151,152,157,158,159,160,162,164,166,167,168,169,170
P30154	186,188,194,301,304,305,311,348,349,350,354,464,465,487,491,492,512,524,525,527,528
O43521	141
P55957	77,78,81,106,107,108,109
P30153	174,182,289,292,293,299,336,337,342,475,480,500,512,513,515,516
Q9BYX4	615,616,698,699,700,703,704,722,724,790,798,801,802,803,804,805,807
P02647	81,84,85,86,88,89,92,93,96,97,99,100,103,107
Q13283	36,120
O95999	14,15,18,19,22,23,25,26,27,28,29,30,31,32,33,34,36,37,38,40,41,42,44,45,46,47,48,49,50,51,52,53,54,55,56,57,58,59,60,61,62,63,64,66,67,70,71,73,74,75,76,77,88,89,90,91,94,98
P27986	441,444,445,448,452,455,579,580,583,587,589
O00459	438,441,442,445,449,452,576,577,580,584,586,597
O95639	93,94,95,96,112
P61073	15,16,18,23,30,32,37,41,94,97,109,113,116,117,185,186,187,188,255,259,262,281,284,285,288,292
Q08211	380,381,382,383,385,386,394,423,426,427,432,459,460,461,462,463,464,465,468,471,476,478,482,483,485,528,549,550,553,557,618,619,620,629,630,631,632,634,641,664,667,671,673,674,675,676,677,680,685,690,693,694,697,700,701,703,704,706,707,731,732,733,736,738,739,740,741,742,749,750,751,752,755,776,777,778,780,781,784,785,786,787,790,814,815,819,823,824,825,826,827,830,833,834,837,844,846,874,878,879,882,894,896,898,899,900,910,911,919,920,922,923,926,928,931,932,933,934,935,938,941,944,946,947,948,951,954,955,957,958,963,965,966,968,969,970,979,980,981,982,983,984,985,986,989,990,993,1001,1005,1007,1011,1013,1015,1018,1019,1050,1051,1052,1053,1054
O43143	130,131,132,134,135,143,162,163,172,175,176,177,178,181,185,186,194,195,196,199,202,203,204,206,207,208,209,210,211,212,213,215,216,219,221,223,224,225,226,228,229,230,232,248,252,256,271,280,281,282,283,284,285,287,294,296,298,299,302,306,310,311,312,313,314,315,316,317,318,319,320,321,322,323,324,325,333,338,340,344,359,363,366,370,371,372,373,374,375,376,377,378,379,382,387,388,392,394,395,396,398,399,401,402,403,404,405,407,409,410,424,429,430,431,432,433,448,463,470,475,476,478,480,482,483,496,585,586,589,601,603,605,606,609,619,620,628,629,631,632,635,637,638,639,640,641,642,645,648,650,651,652,655,658,659,661,662,667,670,673,688,699,713,714,717,718,744,745,758,759,760,763,765,766,767,768,769,771,773
P06241	117,135
Q12933	410
P01730	27,38,40,42,45,46,47,48,49,50,51,52,54,56,57,58,59,60,65,66,67,68,69,70,71,72,73,74,77,78,84,87,88,89,91,110,111,112,113,114,115,431,432,433,434,435,436,437,438,439,440,441,442,443,444
P04439	29,31,87,91,94,102,105,123,138,147,167,180,188,195,199,233,343,344,345,346,347,348,350,351,352,353,354,355,356
P98155	129,131,132,135,136,137,138,139
Q93009	83,84,100,102,104,118,135,150,151,152,153,154,155,161,162,163,164,165,166,167,168,169,546,547,550,634,637,679,683,710,740,752,755
Q13114	474
O75475	360,361,363,364,365,366,367,368,370,391,392,395,399,402,403,405,406,407,408,413,433,434,435,436
P01857	131,133,134,135,136,137,138,139,140,141,190,191,192,193,194,197,198,270,311,315,318
O60885	81,82,92,93,94,138,139,140,141,144,145,146,149,1345,1346,1348,1349,1352,1353,1355,1356,1357,1360,1362
P15529	47,48,49,60,61,62,63,118
Q8WUM4	375,379,440,491,494,495,498,501,502,505,506,508,509,669,670,672,673,675,676,677,679,680,683,686
Q29980	24,26,87,88,90,91,94,95,98,121,122,123,125,127,174,175,177,178,179,181,182,185,186,188,189,192,193,195,196
Q9Y6K9	226,227,228,229,230,231,232,233,234,235,236,237,238,239,240,241,242,243,244,245,246
P61769	92
Q8NHL6	102,103
P15151	114
P02786	193,206,207,214,293,339,340,350,362,370
P09603	59,61,62,63,64,65,66,67,68,92,96,127,128,129,132,137,139,170,172
Q9UKJ1	33,73,74,76,77,117,118,120,121,122,142,148
Q16630	276,277,278,279,280,281,282,283,284,285,286,287,288
Q99816	34,36,58,63,64,67,68,69,70,71,92,94,95,96,98,139,141,142,143,144
Q96NY8	32,33,34,59,107,137,142
O14763	78,79,83,146,167,173,174,179
Q9H8S9	90,118,163,164,167,180,204,207
Q9HD26	284,285,286,288,298,299,300,301,302,303,304,305,307,308,309,316,317,319,322,337,343,345,346,349,350,353,356,357,366,368
P49792	3075,3114,3115,3117,3118,3120,3121,3123,3131,3132,3133,3159,3161,3162,3163,3169,3171,3173,3181,3182,3185,3186,3204,3205,3206,3207,3208,3209,3213,3214
O14646	272,290,295,323,324,325,329,400,402,408,423,424,425,428
P49790	1409,1410,1411,1412,1413,1414,1415,1416,1417,1418,1419
O15118	420,426,498,499
Q15326	571,572,573,574,576,580,583,586,587,590,591,598,599,600
Q9H3P7	372,373,374,375,376,377,378,379,382,383,386,389,390,392,393,395,396,399,400,401,402,403,404,405,406,407,408,410,412,413,414,415,416,417,418,419,479,480,481,483,484,485,486,490,492,493,495,497,498,503,507,511,514,522,523,524,525,526,527,528
Q14258	211,214,218,225,228,229,232,236,239,243,254,257,261,265,268,269,273,323,362
P01130	111,112,113,123,124,127,140,143,144
Q03518	350
Q03519	433
P15144	241,242,243,244,286,287,288,289,290,291,292,293,303,306,309,310,311,312,315,318,319
Q96SB4	542,546,548,549,550,551,552,554,557,559,564,567,568,572,611,616
Q96I25	309,312,313,316,317,318,319,320,321,322,323,324,325,326,328,329,332,340,341,370,371,372,373,374,375,376,377,378,379,382,395
P26045	519,520,521,522,523,524,525,526,527,530,531,532,533,536,538,539,569,572,573,576,579,580,583
Q14108	154,155,157,158,159,161,162,163,181,183,186,187,189,190,191,192,193
Q9BRK3	55,57,58,60,61,62,63,64,65,66,67,68,69,72,74,76,78,83,84,85,86,87,90,91,92,93,94,95,96,97,98,100,116,136,138,140,142,145,147,191,194,195,196,197,198,199,201,202,227,228,229,230,232,233,234,237,238,240,241,248,251,252,254
P51681	2,3,4,5,7,11,12,24,101,195
Q8IUX4	201
P53992	228,229,230,231,232,233,234,235,236,237,238,239
Q14126	359,360,362,364,365,366,367,368,369
P0C0S8	11
P63010	18,21,22
P54725	336,340,342,343,344,345,346,347,349,350,353,354,357,358
P39687	1,2,4,5,6,8,9,10,12,21,23,25,26,28,30,31,51,73,94,96,99,119,121,122,124,127,128,129,130,146,148,152,154
Q9H074	239,240,243,244,246,247,250,251,274,283,284,285,286,291,292,293,294,295,296,298,299,301,302,337,339,340,341,344
P15880	104
P23396	110,142
P62861	119,128,129
P29317	123,140,164
P05362	58,75,79,94,103
P11940	560,563,564,567,579,580,582,583,584,585,586,587,588,606,609,610,613,614
Q14232	1,2,3,5,6,7,33,37,38,39,40,41,42,43,44,45,46,47,48,50,51,52,54,55,70,73,76,77,80,84
Q86YD5	27,30,31,32,33,34,36,38,39,40,41,42,43,44,45,46,47,48,49,50,52,54,56,57,62
P16234	24,25,26,29,50,51,52,64,77,78,79,80,81,103,104,105,106,107,108,109,110,111,112,113,129,131,138,145,146,147,149,151,176,210,211,212,240,246,247,249,255,257,258,259,260,261,269,276
Q03167	59,111,113,126,129,131,133,134,135,136,137,138,139,140,143,144,146,147,148,149,150,151,152,163,165,166,167,168,169
Q86TU7	117,151,153,256,257,258,259,263,264,265,266,267,268,283,284,285,286,287,288,289,290,291,296,298,312,314,315,316,320,334,336,358,359,360,361,362,371,379,380,383,405,408,409,411,412,413,414
O60462	168,171,172,174,197,208,209,210,212,228,250,252,253,254,255,370,457,458,459,460,461,462,471
Q8N3R9	280,313,317,330,362,364,365,403
P09884	585,588,590,594,599,610,611,612,613,614,616,617,620,621,624,625,628,655,657,658
P51812	83,85,99,101,137,139,144,200,219,261,299,303
Q9BXH1	131,132,133,134,135,136,137,138,140,141,142,144,145,146,147,148,149,151,152
P55196	1014,1015,1016,1017,1018,1019,1020,1021,1022,1023,1038,1039,1041,1042,1043,1044,1071,1072,1075,1078,1079
Q8N448	350,351,352,353,354,355,356,357,367,370,400,401,404,407,408
P31947	212
P29992	30,33,34,37,38,40,199,265,266,268,321,322,323,349,350,351,352,353,354,355,356,358,359
P07204	29,30,31,32,33,34,36,45,46,47,49,50,51,53,54,56,63,64,65,66,67,69,70,72,73,75,76,77,81,82,83,84,85,91,93,94,95,96,109,116,123,124,125,127,128,129,130,131,132,133,134,135,136,141,142,143,144,145,146,148,149,150,151,152,154,155,157,159,176,177
P29074	526,527,528,529,530,531,532,533,537,538,540,545,546,579,580,583,586,587,590
