target_prot	mimicked_interfacial_residues
P52292	101,102,104,105,106,107,108,110,112,138,142,146,148,149,150,152,155,177,180,181,184,188,191,192,227,228,231,235,238,239,240,266,270,273,276,277,280,281,282,283,308,311,315,319,321,322,323,324,325,328,348,350,353,354,357,360,361,364,365,392,395,396,399,403,406,407,435,438,442,446,449,453,482,483,487,498,500,501
O00505	96,97,99,100,101,102,103,105,107,133,137,141,143,144,145,146,147,150,172,175,176,179,183,186,187,218,219,222,225,226,229,230,231,257,260,261,264,267,268,270,271,272,273,274,299,302,306,310,312,313,314,315,316,319,339,341,344,345,348,351,352,355,356,357,358,360,383,386,387,390,393,394,397,398,426,429,433,437,440,471,472,475,476,487
O60684	105,106,108,109,110,111,114,116,143,147,151,153,154,155,157,160,182,185,186,189,193,196,197,228,229,232,236,239,240,241,271,274,277,278,281,282,283,284,309,312,316,320,322,323,324,325,326,329,349,351,354,355,358,361,362,365,366,393,396,397,400,404,407,436,439,443,447,450,488,489,493,504
O15131	199,200,235,239,242,243,244,274,277,280,281,284,285,287,312,315,319,323,325,326,327,328,329,332,352,354,357,358,361,364,365,368,369,394,395,396,398,399,400,403,407,410,431,434,435,436,437,439,442,446,450,453,474,475,479,480,483,484,485,487,488,489,491,492,496,501,505,506,507
P52294	107,108,110,111,112,113,116,118,145,149,153,155,156,157,159,162,184,187,188,191,195,198,199,230,231,234,238,241,242,243,273,276,279,280,283,284,285,286,311,314,318,322,324,325,326,327,328,331,351,353,356,357,360,363,364,367,368,395,398,399,402,406,409,438,441,445,449,452,490,491,495,506
P78406	189,213,239,258,261,263,271
P52948	171,172,173,174
P05161	20,21,22,24,27,57,83,85,87,89,90,91,92,93,95,97,106,109,114,115,116,117,118,120,121,123,125,127,128,129,130,131,132,133,134,135,140,143,144,145,146,147,149,151,152,153,154,155,156
P04637	100,101,102,103,104,105,106,108,110,111,114,115,116,117,118,119,120,122,126,128,129,130,131,136,137,144,146,148,176,177,178,179,181,186,187,188,201,202,225,226,227,239,240,241,242,243,244,245,246,247,248,267,268,269,273,274,275,276,277,280,281,282,284,285,286,287,288,289,290,292
P08631	87,88,89,90,91,92,93,94,95,96,100,101,113,114,127,129,130,131,132,175,204,205,207,212,214,215,216,217
P07948	72,73,74,75,76,77,78,79,85,98,99,114,115,116,117,160,189,190,192,197,199,200,201,202
O60563	50,53,54,55,56,94,95,96,114,115,116,158,168,171,172,175,176,180,207,245,248,250,251,252,253,254,255,256,257,258,260
P50750	68,144,172,173,174,175,176,177,178,179,180,181,182,183,184,185
Q15223	43,54,55,56,57,58,59,60,61,62,63,64,66,68,72,74,75,76,77,80,82,84,85,86,87,88,90,91,92,104,105,121,125,127,128,129,130,131,132,133,134,135,147,149,150,151,152,154,173,176,198,202,206,208,237,238
Q10567	5,6,7,8,9,10,11,12,13,14,15,17,19,23,24,43,45,242,243,245,246,247,250,294,295,296,297,330
P78310	23,26,52,54,56,58,65,66,67,68,69,70,73,83,121,123,125,126,127,128,129,130
Q9UHB7	55,56,58,61,62,63,64,65,66,67,68,69
Q15369	72,73,76,79,80,83,84,85,86,87,88,89,90,91,92,93,95,96,97,100,101,102,103,104,105,107,108,110,111,112
Q13617	43,46,47,49,50,51,54,71,74,78,79,80,81,111,224,225,228,229,230,231,232,276,277,281,283,284,287,288,295,298,302,305,306,308,309,310,312,313,314,316
Q15370	99
Q13951	15,17,19,20,28,29,30,32,33,34,49,50,52,53,54,56,58,60,61,62,63,64,65,66,67,69,70,71,72,73,74,83,88,89,100,101,102,103,104,105,107,131,135,147,148,153,156,157
Q93034	48,51,52,53,54,55,75,78,82,84,85,88,117,219,220,223,224,225,226,227,275,276,280,282,283,286,287,294,301,304,305
Q9Y4B6	1088,1091,1092,1106,1114,1115,1116,1130,1132,1133,1134,1135,1158,1164,1169,1170,1171,1172,1257,1258,1286,1287,1288,1289
Q16531	114,117,162,163,183,184,185,327,328,358,360,380,381,382,720,721,722,723,773,774,775,787,812,814,834,836,837,838,839,840,841,842,843,844,867,869,871,886,887,906,907,908,909,910,912,913,926,927,928,938,939,941,943,947,948,949,950,951,953,954,955,970,972,987,988,993,1003,1005,1033,1080,1081
P51825	60,61,66,67,70,71,72,73,74
P52630	54,58,61,62,65,68,165,168,169,171,172,175,176,179,180,182,183,185,191,192,193,194,195,197,198,200,201,202,204,205,208,209,289,290,292
P60033	167,170,171,172,177
Q9UER7	250,251,331,333,334,335,339,342,343,344,345,346
P62979	7,8,9,10,24,28,31,32,34,35,37,39,40,71,72,73,74,75,76
P52799	27,28,29,30,31,32,34,36,38,39,40,41,43,45,48,49,50,51,55,57,59,64,65,66,67,69,72,75,77,83,84,87,88,92,94,95,96,97,98,99,100,102,103,105,106,107,108,109,110,111,112,113,115,116,117,118,119,120,121,122,123,124,125,127,128,129,130,131,133
O00629	96,99,100,101,102,103,105,133,137,141,143,144,145,146,147,150,172,175,176,179,183,186,187,218,219,222,225,226,229,230,231,257,260,261,264,268,270,271,273,274,299,302,305,306,310,312,313,314,315,316,319,341,344,345,348,351,352,355,356,358,360,386,387,390,393,394,397,398,426,429,430,433,437,471,472,476
Q15768	27,28,29,30,31,32,34,36,38,39,40,41,55,57,59,64,69,97,98,99,100,101,102,103,105,106,109,110,111,112,113,114,115,116,118,119,120,121,122,123,124,125,126,127,128
P62136	21,22,23,24,25,68,70,74,78,96,97,98,99,132,133,134,135,137,138,139,142,143,255,261,271,273,274,290,291,292,293,294,295,296,297,299
P30154	72,74,75,107,110,111,112,113,114,117,151,152,153,154,156,187,189,190,191,192,195,227,228,229,230,231,234,267,269,270,300,306,307,308,309,351,352,388,389,429,466,467,468,469,471,472,488,489,506,507,508,509,515,530,531,532,547,585,586
Q16611	68,69,70,71,72,73,74,75,76,77,78,79,80,81,82,83,84,85,86,88,89,90
O43521	142,143,144,145,146,147,148,149,150,151,152,153,155,156,157,158,159,160,162,163
P55957	79,80,82,83,84,85,86,87,88,89,90,91,93,94,95,96,97,98,99,100,101,105
P30153	60,62,63,95,98,99,100,101,102,105,139,140,141,142,144,175,176,177,178,179,180,183,215,216,217,218,219,222,255,257,258,288,294,295,296,297,338,339,340,376,377,417,452,453,454,455,456,457,459,460,476,477,479,494,495,496,497,503,518,519,520,535,573,574
Q00534	11,12,13,14,15,16,17,18,19,21,26,28,31,32,34,35,36,37,38,39,44,46,47,48,49,50,51,52,53,54,55,56,58,59,60,62,63,64,66,67,68,69,70,71,72,73,74,78,80,81,82,83,84,85,86,87,88,89,91,92,93,94,96,99,107,134,135,137,138,139,140,141,142,144,156,160,168,169,170,171,172,173,174,175,176,177,178,179,180,189,193,194,195,196,197,198,199,202,222,223,225,229,233,239,240,241,243,244,245,246,247,248,249,250,251,252,253,254,255,256,257,285,286,287,288,289,290,291,292,293,296
Q9BYX4	707,710,711,714,793,796,797,799,800,806,808,809,810,811
Q13283	3,4,6,10,11,14,15,17,18,21,22,25,26,29,32,33,34,35,58,114,117,121,122,123,124,125,126
Q9UN86	6,10,11,14,15,17,18,21,22,25,26,29,32,33,34,58,114,117,121,122,123,124,125
O95999	11,80,87,92,93,97
P27986	453,459,565,567,568,569,571,572,573,574,575,576,577,578,581,582,585,586,590,591,592,594,595,598
O00459	450,456,562,564,565,566,568,569,570,571,572,573,574,575,578,579,582,583,587,588,589,591,592,595
O95639	69,70,72,73,74,75,77,88,97,98,101,102,104,105,106,107,109,111
P61073	22,33,34,45,98,100,101,171,178,180,181,182,183,189,190,192,195,199,202,203
Q08211	875,961,962
O43143	277,326,327,328,329,330,331,439,440,441,444,446,447,449,450,452,457,458,459,460,484,485,486,488,489,492,493,494,495,499,523,524,525,526,528,530,531,532,533,534,535,537,538,540,541,544,551,553,581,582,665,666,669,672,674,675,676,677,678,679,691,703,706,733,741,742,743,754,755,756,757,764,770
P62937	1,2,26,27,28,30,31,34,41,42,43,44,45,46,49,54,55,57,59,60,61,63,67,68,69,70,71,72,73,74,75,76,78,79,81,82,101,102,103,104,105,107,109,110,111,113,121,122,125,126,148,149,151,165
P06241	91,92,93,94,95,96,97,98,99,100,118,119,132,134,136,137
Q12933	374,377,393,395,399,400,401,447,448,449,450,453,454,455,456,463,464,465,466,467,468,470,471
P01730	83,85,86
P40189	138,141,164,166,167,169,186,187,188,189,190,191,192,193,215,218,248,249,250,251,252
P04439	25,33,39,40,41,42,43,55,56,69,72,73,74,75,77,78,79,80,81,82,83,84,89,90,93,96,97,99,100,101,103,104,108,110,111,112,113,114,115,116,117,121,129,130,131,140,166,169,170,171,172,173,174,175,176,179,183,187,191,194,197,198,200,201,202,204,205,206,207,208,210,219,220,221,230,231,262,263,264,288,289,290,291,292,294
P01911	71,72,73,74,75,77,88,89,91,92,93,94,95,97,98,101
Q13651	62,64,65,66,67,69,93,94,97,113,115,116,117,119,120,121,122,162,163,164,166,208,209,210,211,212,213,214,215
Q93009	626,627,628,629,630,631,653,681,682,684,685,709,736,738,739,742,744,754,758,759,760,761,762,764
Q13114	438,439,441,457,459,463,464,465,512,513,515,518,519,520,521,530,531,532,533,534,535
O75475	394,397,398,401,404,410,414,417,420,421
P01857	171,265,268,269,316,317,319,321
P15529	59,64,65,66,68,69,70,71,72,73,74,75,76,77,88,90,92,93,95,96,97,98,99,100,101,103,104,109,113,114,115,117,146,147
P61769	21,22,23,26,28,30,31,32,33,34,35,36,37,38,39,40,41,42,44,46,51,52,53,54,67,68,72,73,74,75,76,77,78,79,80,82,83,85,87,89,91,93,116,117,118,119
P60709	170,171,172,173,174,175,176,177,178
Q8NHL6	59,60,61,62,63,64,65,66,67,68,70,71,99,107,148
P15151	68,70,71,72,73,75,77,79,82,85,86,87,88,90,116
P02786	197,201,202,204,208,209,210,211,212,213,215,217,294,343,344,347,348,371
P09603	60,91,94,95,98
P35968	133,135,137,196,215,216,217,218,219,220,221,253,254,255,256,257,258,274,275,286,288,311,312,313
Q96NY8	35,36,37,38,39,41,42,43,46,49,51,54,55,57,58,60,61,62,63,64,81,83,84,85,86,130,131,132,133,134,135,136,138
P0CG48	6,7,8,9,10,27,36,40,42,44,46,47,48,49,50,51,52,54,59,62,63,64,65,66,68,70,71,72,73,74,75,76
O14763	80,103,105,106,107,108,109,110,111,112,113,114,115,116,117,118,132,133,134,135,136,144,145,147,148,149,150,151,154,157,175,177
Q9H8S9	91,92,93,94,95,96,97,98,99,106,108,114,117,153,154,157,171,176,177,178,181,184,199,200,202,203,206,210,211
P61966	11,15,61,62,63,64,65,67,85,88,89,91,92,97,98,99,100,101,103,104
P0CG47	7,8,9,11,39,40,42,44,45,46,47,48,49,51,52,54,59,62,63,64,65,66,68,70,71,72,73,74,75,76
Q07817	93,96,97,100,101,104,105,108,109,111,112,126,129,130,132,133,136,137,138,139,141,142,146,193,194,195,196
O15118	419,421,423,424,425,428,501,502,503,504,505,506,528
P10415	100,104,107,108,111,112,115,118,119,120,124,125,128,129,132,133,136,137,139,140,143,144,145,146,148,149,153,198,201,202
P04908	23,24,25,54,57,58,61,62,65,66,69,78,80,81,91,93,94
P06899	45,48,49,50,106,107,110,114,117,118,121
P84243	41,43,45,49,50,51,53,67,70,74,118,119,121
P62805	18,19,20,21,22,23,24,25,26,27,31,32,33,36,37,39,40,44,45,46,47,48,49,52,56,100,101,102,103
Q14258	208,210,212,215,216,219,221,222,223,226,231,233,235,238,240,242,244,246,249,251,253,255,256,258,260,262,264,267,274,277,281,284,318,320,322,324,325,326,327,331,338,342
P01130	120,125,126,128,129,130,131,132,133
Q03518	280,286,294,297,298,301,302,305,309,312,349,353,356,357,365,368,371,372,374,375,404,408,411,412,416,452,453,456,457,459,460,467,470
Q03519	166,207,210,211,214,215,218,238,241,242,243,244,245,246,247,248,249,250,251,252,254,255,256,258,259,262,265,266,267,269,270,273,274,310,314,318,369,373,377,380,381,384,417,418,421,422,424,425,428,429,432,435,436,442,477,479,520
P78423	26,27,28,29,30,31,32,33,34,35,36,37,38,39,40,41,42,43,44,47,53,54,55,56,57,58,59,60,61,64,67,69,71,72,73,74
Q96SB4	181,182,571,600,602,604,605,606,614,615,617
P51681	1,13,15,22,25,26,29,33,37,86,89,90,92,93,105,108,109,163,170,172,173,174,175,177,178,179,180,181,182,184,187,191,194,198,251,255,258,276,279,280,283,287
Q8IUX4	196,198,202,209,212,213,214,226,248,252,255,256,259,260,261,262,263,264,265,266,281,282,286,289,290,293,294,307,309,313,345,347,348,352
Q7Z6A9	35,36,37,38,39,40,41,42,43,51,55,57,65,66,67,68,70,72,74,76,77,79,81,83,84,85,86,90,92,93,97,99,103,104,106,107,108,109,112,114,116,118,120,121,122,123,124,125,126,127,128,130,132,135
Q14126	171,172,173,174,175,207,208,209,212,214,215,221,223,224,225,226,227,228,231,267,361,363,370
P0C0S8	10,12,13,14
P62807	120,121,123,124,125,126
P63010	13,14,15,17,19,23,24
P53680	9,10,13,15,44,46,48,60,61,62,63,64,65,67,81,85,88,89,91,92,97,98,99,100,101,103,104
P54725	339
P15880	105,106,107,108,109,111,113,120,122,124,145,146,147,148,151,212
P23396	109,111,112,113,114,115,116,117,120,124,141,143,144,146,148,149,150,152,177,178,182
P46781	22
P62861	123,124,125,126,127,131,133
P29317	35,36,37,38,39,40,41,42,43,47,48,49,50,53,54,55,56,57,58,59,60,61,62,63,64,65,66,67,68,69,70,71,72,73,74,76,77,92,93,95,99,101,103,106,107,108,109,132,133,135,141,142,143,147,148,149,150,151,161,162,163,165,166,167,168,169,170,171,172,188,189,190,192,193,199
P05362	54,55,56,57,60,61,62,63,64,66,68,69,70,71,72,73,74,86,89,91,93,95,100,101,102,104
Q00610	50,52,64,65,66,67,68,80,82,83,84,87,89,91,93,96,98,103
Q14232	74,81,83,237,249,304,305
Q9UI10	317,318,321,322,324,325,352,503,504,505,506
P63096	17,20,24,25,27,28,30,31,32,33,34,35,192,193,194,217,219,314,315,316,318,319,320,333,336,337,340,341,343,344,345,346,347,348,349,350,351,352,353,354
P62873	46,47,48,50,52,53,54,55,310,311,312,333,334,335,337
O14786	297,298,301,316,318,319,320,346,348,349,351,353,413,414
P16234	133,136,137,139,140,141,144,206,208,209,241,242,243,244,245,262,263,265,266,267,271,273,295,296
Q8N3R9	261,263,264,265,266,267,268,269,270,271,272,273,274,281,282,283,284,290,297,314,315,318,321,322,366,367,368,369,620,623,624,627
P19174	606,607,608,623,624,645,646,647,649,675,706,713,714,715,716,726,727,728,729,741,746,747
P09884	653
P28482	186,194,198,199,200,202,203,233,234,237,257,259,260,263
P51812	65,66,68,69,70,71,72,73,76,81,88,140,142,154,156,157,159,160,161,162,163,164,165,166,167,169,196,197,221,222,228,231,232,233,234,252,259,260,262,263,264,265,266,267,268,269,270,271,272,273,276,278,279,281,282,283,284,285,286,287,288,289,290,291,292,293,294,296,300,304,305,306,309,323
P31947	14,38,39,42,43,45,46,49,50,56,60,119,122,126,129,133,167,168,171,174,175,178,182,215,218,219,222,225,226,229,230
P29992	357
Q9NVP2	124,125,126
P63104	45,46,49,50,56,120,127,128,131,169,172,173,176,180,216,217,220,223,224,227,228
